{
  "regime": {
    "forward_model": "S(b)=S0*E_alpha(-(bD)^(beta/2)) single diffusion time",
    "n_b": 6,
    "b_max": 2500.0,
    "snr": 40.0,
    "noise": "Rician sigma=S0/SNR",
    "alpha_grid": [
      0.55,
      0.65,
      0.75,
      0.8,
      0.85,
      0.9
    ],
    "beta_grid": [
      1.4,
      1.55,
      1.7,
      1.8,
      1.9
    ]
  },
  "grid": {
    "rho_median": 0.9841691047026158,
    "rho_min": 0.949812132787283,
    "rho_max": 0.9977827118513579,
    "cond_median": 168889700.96527827
  },
  "headline": {
    "alpha": 0.8,
    "beta": 1.7,
    "rho_ab": -0.9794581463218996,
    "cond": 133703355.26192874,
    "cv_alpha": 0.5639807271553302,
    "cv_beta": 0.49016400572371877,
    "alpha_ci": [
      0.3475606528078866,
      0.9799999999999084
    ],
    "beta_ci": [
      1.194368018453982,
      1.9999999999999065
    ],
    "corr": -0.7356241489430685,
    "n_boot": 200
  },
  "nb_persistence": {
    "n_b": [
      4,
      6,
      8,
      16
    ],
    "rho": [
      0.9943128689090629,
      0.9794581463218996,
      0.9671825049547105,
      0.9425715394310407
    ]
  },
  "two_dt_break": {
    "rho_single": 0.9425715394310407,
    "rho_two": 0.18222054464753615,
    "cond_single": 42233511.917538725,
    "cond_two": 2429004.209602683,
    "cv_alpha_single": 0.20597553227103263,
    "cv_alpha_two": 0.05157337158610263
  },
  "verdict": {
    "degenerate": true,
    "degen_rho_threshold": 0.9
  }
}
