{
  "forward_model": "S(b)=S0*exp(-(bD)^alpha) stretched-exponential lead lane",
  "headline": {
    "n_b": 4,
    "b_max": 2000.0,
    "alpha": 0.85,
    "D": 0.0015,
    "cv_threshold": 0.2,
    "wall_snr_analytic": 27.776186116248688,
    "wall_snr_emp": 29.940058929571965,
    "wall_ci": [
      28.267205694074104,
      31.12349760670694
    ],
    "band": [
      20.0,
      60.0
    ]
  },
  "rho_alpha_D_nb4_bmax3000_snr30": -0.8718970125528178,
  "surface": {
    "n_b": [
      4,
      6,
      8,
      12,
      16
    ],
    "b_max": [
      1000.0,
      2000.0,
      3000.0
    ],
    "wall": [
      [
        23.615023069639317,
        27.66828301423259,
        42.94145475586247
      ],
      [
        17.587380632565377,
        17.568498417030643,
        22.868043496151962
      ],
      [
        15.424234318175369,
        14.435410995073083,
        17.401760551642262
      ],
      [
        13.443475480314016,
        11.949641593890428,
        13.468839116040819
      ],
      [
        12.361636818182973,
        10.814256551984842,
        11.860825912920536
      ]
    ]
  },
  "alpha_curve": {
    "alpha": [
      0.6,
      0.7,
      0.8,
      0.85,
      0.9,
      0.95,
      0.98
    ],
    "wall_snr": [
      32.86500571661174,
      29.829604221244768,
      28.09794240466813,
      27.66828301423259,
      27.48070525022928,
      27.5245467691967,
      27.648982791984483
    ]
  },
  "verdict": {
    "wall_stands": true,
    "refuted": false,
    "clinical_wall_in_band": true,
    "research_recovers": true
  }
}
