{
  "band": {
    "lo": 20.0,
    "hi": 60.0,
    "source": "Polders 2011 JMRI 33:1456-1463 (b=0 DWI SNR ~40@3T, ~70-90@7T)"
  },
  "wall_vs_alpha_nb4": {
    "alpha": [
      0.6,
      0.65,
      0.7,
      0.75,
      0.8,
      0.85,
      0.9,
      0.95,
      0.98
    ],
    "wall_snr": [
      32.86316228662442,
      31.152954222110075,
      29.821139138152365,
      28.820729822105132,
      28.107900640747086,
      27.66301034096695,
      27.468546434232184,
      27.51395033768998,
      27.642867340017812
    ],
    "in_band": [
      true,
      true,
      true,
      true,
      true,
      true,
      true,
      true,
      true
    ],
    "wall_min": 27.468546434232184,
    "wall_max": 32.86316228662442
  },
  "wall_vs_alpha_nb6": {
    "alpha": [
      0.6,
      0.65,
      0.7,
      0.75,
      0.8,
      0.85,
      0.9,
      0.95,
      0.98
    ],
    "wall_snr": [
      20.7654608399431,
      19.726127771425944,
      18.921517833799587,
      18.31656785927431,
      17.87350106194671,
      17.572274526531938,
      17.38070552925662,
      17.286232428161746,
      17.264259330279803
    ]
  },
  "wall_ci_nb4": {
    "0.60": [
      30.334454609073187,
      36.66018308927295
    ],
    "0.85": [
      26.937962800332674,
      31.810422515605428
    ],
    "0.98": [
      26.474299616401982,
      30.53265174092053
    ]
  },
  "nb_surface": {
    "n_b": [
      4,
      6,
      8,
      12,
      16
    ],
    "b_max": [
      1000.0,
      2000.0,
      3000.0
    ],
    "wall": [
      [
        23.615023069639317,
        27.66828301423259,
        42.94145475586247
      ],
      [
        17.587380632565377,
        17.568498417030643,
        22.868043496151962
      ],
      [
        15.424234318175369,
        14.435410995073083,
        17.401760551642262
      ],
      [
        13.443475480314016,
        11.949641593890428,
        13.468839116040819
      ],
      [
        12.361636818182973,
        10.814256551984842,
        11.860825912920536
      ]
    ],
    "dominant": true
  },
  "verdict": {
    "wall_robust_across_alpha": true,
    "refuted_across_alpha": false
  }
}
