{
  "config": {
    "n_seeds": 8,
    "base_n": 1000,
    "base_snr": 50.0
  },
  "snr": {
    "25": {
      "gap_all": {
        "point": -0.01575,
        "lo": -0.028249999999999997,
        "hi": -0.0037437500000000374,
        "mask": "all",
        "n_boot": 2000,
        "n_seeds": 8
      },
      "gap_wellid": {
        "point": -0.017661468114539544,
        "lo": -0.034041288729696674,
        "hi": -0.0015381647913641314,
        "mask": "wellid",
        "n_boot": 2000,
        "n_seeds": 8
      },
      "gap_lo": {
        "point": -0.017579706627532984,
        "lo": -0.043100209708072795,
        "hi": 0.00961637312966162,
        "mask": "lo",
        "n_boot": 2000,
        "n_seeds": 8
      }
    },
    "35": {
      "gap_all": {
        "point": 0.04000000000000002,
        "lo": 0.024250000000000008,
        "hi": 0.05650000000000002,
        "mask": "all",
        "n_boot": 2000,
        "n_seeds": 8
      },
      "gap_wellid": {
        "point": 0.05688652025530673,
        "lo": 0.03381897368498468,
        "hi": 0.08129664839633921,
        "mask": "wellid",
        "n_boot": 2000,
        "n_seeds": 8
      },
      "gap_lo": {
        "point": 0.08351911114668471,
        "lo": 0.05000743777989165,
        "hi": 0.11652665727352889,
        "mask": "lo",
        "n_boot": 2000,
        "n_seeds": 8
      }
    },
    "50": {
      "gap_all": {
        "point": 0.10199999999999998,
        "lo": 0.08474999999999996,
        "hi": 0.11924999999999998,
        "mask": "all",
        "n_boot": 2000,
        "n_seeds": 8
      },
      "gap_wellid": {
        "point": 0.14583366109970525,
        "lo": 0.12179960363512486,
        "hi": 0.17126272834305772,
        "mask": "wellid",
        "n_boot": 2000,
        "n_seeds": 8
      },
      "gap_lo": {
        "point": 0.1960830377578836,
        "lo": 0.15843028683698096,
        "hi": 0.23367379914727174,
        "mask": "lo",
        "n_boot": 2000,
        "n_seeds": 8
      }
    },
    "75": {
      "gap_all": {
        "point": 0.15425,
        "lo": 0.137,
        "hi": 0.17174999999999996,
        "mask": "all",
        "n_boot": 2000,
        "n_seeds": 8
      },
      "gap_wellid": {
        "point": 0.21853591177451148,
        "lo": 0.1951493086553378,
        "hi": 0.24251788721235285,
        "mask": "wellid",
        "n_boot": 2000,
        "n_seeds": 8
      },
      "gap_lo": {
        "point": 0.31799526827953956,
        "lo": 0.28123729017979066,
        "hi": 0.35364594402627475,
        "mask": "lo",
        "n_boot": 2000,
        "n_seeds": 8
      }
    },
    "100": {
      "gap_all": {
        "point": 0.1795,
        "lo": 0.15824375,
        "hi": 0.20149999999999998,
        "mask": "all",
        "n_boot": 2000,
        "n_seeds": 8
      },
      "gap_wellid": {
        "point": 0.257068145766788,
        "lo": 0.2290076287249968,
        "hi": 0.28509705782858946,
        "mask": "wellid",
        "n_boot": 2000,
        "n_seeds": 8
      },
      "gap_lo": {
        "point": 0.36951613199238964,
        "lo": 0.33112748300581357,
        "hi": 0.40877075065485446,
        "mask": "lo",
        "n_boot": 2000,
        "n_seeds": 8
      }
    }
  },
  "n": {
    "300": {
      "gap_all": {
        "point": 0.07666666666666666,
        "lo": 0.05416666666666667,
        "hi": 0.10166666666666666,
        "mask": "all",
        "n_boot": 2000,
        "n_seeds": 8
      },
      "gap_wellid": {
        "point": 0.10028243365046285,
        "lo": 0.06793224656830725,
        "hi": 0.13539068028549164,
        "mask": "wellid",
        "n_boot": 2000,
        "n_seeds": 8
      },
      "gap_lo": {
        "point": 0.16380069147896667,
        "lo": 0.10176601770222816,
        "hi": 0.2286999988355217,
        "mask": "lo",
        "n_boot": 2000,
        "n_seeds": 8
      }
    },
    "500": {
      "gap_all": {
        "point": 0.09449999999999999,
        "lo": 0.07299999999999998,
        "hi": 0.1185,
        "mask": "all",
        "n_boot": 2000,
        "n_seeds": 8
      },
      "gap_wellid": {
        "point": 0.1329436880663561,
        "lo": 0.10340114913378463,
        "hi": 0.16632073948488985,
        "mask": "wellid",
        "n_boot": 2000,
        "n_seeds": 8
      },
      "gap_lo": {
        "point": 0.1735869002700635,
        "lo": 0.12117033210577645,
        "hi": 0.2306561627760784,
        "mask": "lo",
        "n_boot": 2000,
        "n_seeds": 8
      }
    },
    "1000": {
      "gap_all": {
        "point": 0.10199999999999998,
        "lo": 0.08474999999999996,
        "hi": 0.11924999999999998,
        "mask": "all",
        "n_boot": 2000,
        "n_seeds": 8
      },
      "gap_wellid": {
        "point": 0.14583366109970525,
        "lo": 0.12179960363512486,
        "hi": 0.17126272834305772,
        "mask": "wellid",
        "n_boot": 2000,
        "n_seeds": 8
      },
      "gap_lo": {
        "point": 0.1960830377578836,
        "lo": 0.15843028683698096,
        "hi": 0.23367379914727174,
        "mask": "lo",
        "n_boot": 2000,
        "n_seeds": 8
      }
    },
    "2000": {
      "gap_all": {
        "point": 0.10837499999999997,
        "lo": 0.09724999999999999,
        "hi": 0.12087499999999998,
        "mask": "all",
        "n_boot": 2000,
        "n_seeds": 8
      },
      "gap_wellid": {
        "point": 0.1540918179849729,
        "lo": 0.1386057674109569,
        "hi": 0.17058474422230757,
        "mask": "wellid",
        "n_boot": 2000,
        "n_seeds": 8
      },
      "gap_lo": {
        "point": 0.2220805916748959,
        "lo": 0.19606022599661285,
        "hi": 0.24926121302232312,
        "mask": "lo",
        "n_boot": 2000,
        "n_seeds": 8
      }
    }
  },
  "bscheme": {
    "default-22pt": {
      "gap_all": {
        "point": 0.10199999999999998,
        "lo": 0.08474999999999996,
        "hi": 0.11924999999999998,
        "mask": "all",
        "n_boot": 2000,
        "n_seeds": 8
      },
      "gap_wellid": {
        "point": 0.14583366109970525,
        "lo": 0.12179960363512486,
        "hi": 0.17126272834305772,
        "mask": "wellid",
        "n_boot": 2000,
        "n_seeds": 8
      },
      "gap_lo": {
        "point": 0.1960830377578836,
        "lo": 0.15843028683698096,
        "hi": 0.23367379914727174,
        "mask": "lo",
        "n_boot": 2000,
        "n_seeds": 8
      }
    },
    "clinical-sparse-10pt": {
      "gap_all": {
        "point": 0.076,
        "lo": 0.06174374999999997,
        "hi": 0.0905,
        "mask": "all",
        "n_boot": 2000,
        "n_seeds": 8
      },
      "gap_wellid": {
        "point": 0.10900978749540133,
        "lo": 0.08923743769193221,
        "hi": 0.12966952265247653,
        "mask": "wellid",
        "n_boot": 2000,
        "n_seeds": 8
      },
      "gap_lo": {
        "point": 0.12383173862581495,
        "lo": 0.08719019045300329,
        "hi": 0.1606355774573695,
        "mask": "lo",
        "n_boot": 2000,
        "n_seeds": 8
      }
    },
    "lowb-poor-8pt": {
      "gap_all": {
        "point": 0.03925000000000001,
        "lo": 0.027749999999999983,
        "hi": 0.05075,
        "mask": "all",
        "n_boot": 2000,
        "n_seeds": 8
      },
      "gap_wellid": {
        "point": 0.050615610441023265,
        "lo": 0.035155795197294094,
        "hi": 0.06706335684402474,
        "mask": "wellid",
        "n_boot": 2000,
        "n_seeds": 8
      },
      "gap_lo": {
        "point": 0.06599491605716397,
        "lo": 0.041120986724514794,
        "hi": 0.0920894887706387,
        "mask": "lo",
        "n_boot": 2000,
        "n_seeds": 8
      }
    }
  },
  "headline16": {
    "gap_all": {
      "point": 0.10524999999999998,
      "lo": 0.092625,
      "hi": 0.11700312499999997,
      "mask": "all",
      "n_boot": 2000,
      "n_seeds": 16
    },
    "gap_wellid": {
      "point": 0.14758505556103957,
      "lo": 0.13114715747843908,
      "hi": 0.16403259083603366,