{
  "config": {
    "n": 1000,
    "snr": 50.0,
    "alpha": 0.1,
    "n_seeds": 8,
    "seeds": [
      20240517,
      20241526,
      20242535,
      20243544,
      20244553,
      20245562,
      20246571,
      20247580
    ],
    "wellid_def": "Gauge-exact true-D* terciles, bottom-2 = identifiable"
  },
  "families": {
    "stretched": {
      "label": "stretched-exp (beta)",
      "expect": "break",
      "marginal": {
        "point": 0.9095,
        "lo": 0.8996860099857397,
        "hi": 0.9193139900142603
      },
      "gap_all": {
        "point": 0.10199999999999998,
        "lo": 0.08474999999999996,
        "hi": 0.11924999999999998,
        "mask": "all",
        "n_boot": 2000,
        "n_seeds": 8
      },
      "gap_wellid": {
        "point": 0.14583366109970525,
        "lo": 0.12179960363512486,
        "hi": 0.17126272834305772,
        "mask": "wellid",
        "n_boot": 2000,
        "n_seeds": 8
      },
      "gap_lo": {
        "point": 0.1960830377578836,
        "lo": 0.15843028683698096,
        "hi": 0.23367379914727174,
        "mask": "lo",
        "n_boot": 2000,
        "n_seeds": 8
      },
      "gap_hi": {
        "point": 0.014246685524183927,
        "lo": 0.0014031977757751636,
        "hi": 0.02691446166907937,
        "mask": "hi",
        "n_boot": 2000,
        "n_seeds": 8
      },
      "bias_ratio": {
        "point": 7.693200951029727,
        "lo": 5.8417910344105035,
        "hi": 9.54461086764895
      },
      "bias_worst": {
        "point": 9.214529607364167e-05,
        "lo": 8.936032894941772e-05,
        "hi": 9.493026319786562e-05
      },
      "n_wellid": 333,
      "n_lo": 164
    },
    "dispersion_lognormal": {
      "label": "log-normal dispersion (cv)",
      "expect": "weak",
      "marginal": {
        "point": 0.907875,
        "lo": 0.8999096735785657,
        "hi": 0.9158403264214343
      },
      "gap_all": {
        "point": 0.03975000000000002,
        "lo": 0.02700000000000001,
        "hi": 0.05275625,
        "mask": "all",
        "n_boot": 2000,
        "n_seeds": 8
      },
      "gap_wellid": {
        "point": 0.0524519336016324,
        "lo": 0.034202619829450505,
        "hi": 0.07115691044889152,
        "mask": "wellid",
        "n_boot": 2000,
        "n_seeds": 8
      },
      "gap_lo": {
        "point": 0.0693180947470776,
        "lo": 0.04125685967194098,
        "hi": 0.09885353434041004,
        "mask": "lo",
        "n_boot": 2000,
        "n_seeds": 8
      },
      "gap_hi": {
        "point": 0.014336459568117466,
        "lo": 0.003940726644020027,
        "hi": 0.025569637883661997,
        "mask": "hi",
        "n_boot": 2000,
        "n_seeds": 8
      },
      "bias_ratio": {
        "point": 3.1310240575265778,
        "lo": 2.2165936390004104,
        "hi": 4.045454476052745
      },
      "bias_worst": {
        "point": 3.682484745526936e-05,
        "lo": 3.374684265402972e-05,
        "hi": 3.9902852256509e-05
      },
      "n_wellid": 333,
      "n_lo": 164
    },
    "triexp": {
      "label": "tri-exponential third pool (g)",
      "expect": "null",
      "marginal": {
        "point": 0.90575,
        "lo": 0.8990238049388976,
        "hi": 0.9124761950611026
      },
      "gap_all": {
        "point": 0.0,
        "lo": -0.01275625000000001,
        "hi": 0.012750000000000011,
        "mask": "all",
        "n_boot": 2000,
        "n_seeds": 8
      },
      "gap_wellid": {
        "point": -0.00854496104382614,
        "lo": -0.026542317813841382,
        "hi": 0.009074449823763599,
        "mask": "wellid",
        "n_boot": 2000,
        "n_seeds": 8
      },
      "gap_lo": {
        "point": 0.019730363475167878,
        "lo": -0.00594268991644404,
        "hi": 0.04629888871297057,
        "mask": "lo",
        "n_boot": 2000,
        "n_seeds": 8
      },
      "gap_hi": {
        "point": 0.017247087167811315,
        "lo": 0.0074554592954753866,
        "hi": 0.02809876105507294,
        "mask": "hi",
        "n_boot": 2000,
        "n_seeds": 8
      },
      "bias_ratio": {
        "point": 0.8107110259730573,
        "lo": 0.4407137400697355,
        "hi": 1.180708311876379
      },
      "bias_worst": {
        "point": 9.084525803813575e-06,
        "lo": 7.023103731424341e-06,
        "hi": 1.1145947876202808e-05
      },
      "n_wellid": 333,
      "n_lo": 164
    }
  },
  "gate_b": {
    "passed": true,
    "floor": 0.03,
    "well_survives": true,
    "lo_survives": true,
    "not_collapsed": true,
    "marginal_ok": true
  }
}