{
  "config": {
    "theta": 0.85,
    "W": 5.0,
    "sampleStride": 0.1
  },
  "cp2": {
    "(8, 0.5)": {
      "n_total": 100,
      "n_eligible": 48,
      "early_frac": 0.52,
      "mean_phase": 1.076999998338994,
      "mean_phase_frac": 0.17140987344561395,
      "Rbar": 0.42713155833020333,
      "rayleigh_z": 8.757185669836218,
      "rayleigh_p": 0.00010883903501182655,
      "Tb_mean": 21.403125,
      "tau_mean": 64.262,
      "tau_over_Tb": 3.0024587531026428,
      "recovery_frac": 0.98,
      "terminal_absorbed_frac": 0.7,
      "below_frac_mean": 0.3282029950083195,
      "post_min_median": 0.3556,
      "post_min_p05": 0.23795,
      "post_min_max": 0.748,
      "graze_rate_per_hour": 93.55451121969438
    },
    "(16, 0.5)": {
      "n_total": 100,
      "n_eligible": 36,
      "early_frac": 0.64,
      "mean_phase": 1.2250135673862863,
      "mean_phase_frac": 0.1949669646041641,
      "Rbar": 0.515438367511563,
      "rayleigh_z": 9.564361585307465,
      "rayleigh_p": 3.492324669796111e-05,
      "Tb_mean": 23.526388888888892,
      "tau_mean": 79.323,
      "tau_over_Tb": 3.3716606647381773,
      "recovery_frac": 0.82,
      "terminal_absorbed_frac": 0.83,
      "below_frac_mean": 0.23251247920133114,
      "post_min_median": 0.33885,
      "post_min_p05": 0.27453,
      "post_min_max": 0.8749,
      "graze_rate_per_hour": 130.25225974811852
    },
    "(32, 0.5)": {
      "n_total": 100,
      "n_eligible": 33,
      "early_frac": 0.67,
      "mean_phase": 1.2577776177407258,
      "mean_phase_frac": 0.2001815251737849,
      "Rbar": 0.5784643283316085,
      "rayleigh_z": 11.042492312020588,
      "rayleigh_p": 3.898443588671953e-06,
      "Tb_mean": 22.957575757575757,
      "tau_mean": 70.19900000000001,
      "tau_over_Tb": 3.0577705913410775,
      "recovery_frac": 0.92,
      "terminal_absorbed_frac": 0.84,
      "below_frac_mean": 0.25415973377703827,
      "post_min_median": 0.3024,
      "post_min_p05": 0.249675,
      "post_min_max": 0.9166,
      "graze_rate_per_hour": 74.87286143677261
    },
    "(64, 0.5)": {
      "n_total": 100,
      "n_eligible": 43,
      "early_frac": 0.57,
      "mean_phase": 0.7870989618958764,
      "mean_phase_frac": 0.12527069048822811,
      "Rbar": 0.6904079863426303,
      "rayleigh_z": 20.496517067044483,
      "rayleigh_p": 0.0,
      "Tb_mean": 24.738372093023255,
      "tau_mean": 72.884,
      "tau_over_Tb": 2.9461922444183317,
      "recovery_frac": 0.92,
      "terminal_absorbed_frac": 0.89,
      "below_frac_mean": 0.24775374376039935,
      "post_min_median": 0.2969,
      "post_min_p05": 0.241945,
      "post_min_max": 0.9301,
      "graze_rate_per_hour": 53.34504143570605
    },
    "(8, 0.2)": {
      "n_total": 96,
      "n_eligible": 7,
      "early_frac": 0.9270833333333334,
      "mean_phase": 2.4291177501669132,
      "mean_phase_frac": 0.38660609729132794,
      "Rbar": 0.6545653062492328,
      "rayleigh_z": 2.9991901810160635,
      "rayleigh_p": 0.04449451615355328,
      "Tb_mean": 13.92857142857143,
      "tau_mean": 25.621875000000003,
      "tau_over_Tb": 1.8395192307692307,
      "recovery_frac": 0.78125,
      "terminal_absorbed_frac": 0.3645833333333333,
      "below_frac_mean": 0.3723308374930671,
      "post_min_median": 0.2789,
      "post_min_p05": 0.025525,
      "post_min_max": 0.9924,
      "graze_rate_per_hour": 237.10208562019753
    },
    "(16, 0.2)": {
      "n_total": 100,
      "n_eligible": 1,
      "early_frac": 0.99,
      "mean_phase": 2.6808257310632904,
      "mean_phase_frac": 0.4266666666666667,
      "Rbar": 1.0,
      "rayleigh_z": 1.0,
      "rayleigh_p": 0.4598493014643029,
      "Tb_mean": 18.75,
      "tau_mean": 27.459999999999994,
      "tau_over_Tb": 1.464533333333333,
      "recovery_frac": 0.76,
      "terminal_absorbed_frac": 0.5,
      "below_frac_mean": 0.32271214642262896,
      "post_min_median": 0.3756,
      "post_min_p05": 0.14848,
      "post_min_max": 0.9873,
      "graze_rate_per_hour": 204.51565914056812
    },
    "(32, 0.2)": {
      "n_total": 100,
      "n_eligible": 0,
      "early_frac": 1.0,
      "mean_phase": null,
      "mean_phase_frac": null,
      "Rbar": null,
      "rayleigh_z": null,
      "rayleigh_p": null,
      "Tb_mean": NaN,
      "tau_mean": 27.855,
      "tau_over_Tb": NaN,
      "recovery_frac": 0.62,
      "terminal_absorbed_frac": 0.6,
      "below_frac_mean": 0.26086522462562395,
      "post_min_median": 0.41169999999999995,
      "post_min_p05": 0.265195,
      "post_min_max": 0.9327,
      "graze_rate_per_hour": 147.33441033925683
    },
    "(64, 0.2)": {
      "n_total": 100,
      "n_eligible": 1,
      "early_frac": 0.99,
      "mean_phase": 2.1266165655069345,
      "mean_phase_frac": 0.3384615384615381,
      "Rbar": 1.0,
      "rayleigh_z": 1.0,
      "rayleigh_p": 0.4598493014643029,
      "Tb_mean": 19.500000000000004,
      "tau_mean": 29.723000000000003,
      "tau_over_Tb": 1.52425641025641,
      "recovery_frac": 0.55,
      "terminal_absorbed_frac": 0.66,
      "below_frac_mean": 0.21843594009983364,
      "post_min_median": 0.46165,
      "post_min_p05": 0.3634,
      "post_min_max": 0.9422,
      "graze_rate_per_hour": 128.38542542811965
    }
  },
  "cp2_pooled": {
    "n_total": 796,
    "n_eligible": 169,
    "early_frac": 0.7876884422110553,
    "mean_phase": 1.1229092016539237,
    "mean_phase_frac": 0.17871655008659587,
    "Rbar": 0.5185409678588522,
    "rayleigh_z": 45.44152027381118,
    "rayleigh_p": 0.0,
    "Tb_mean": 22.671005917159764,
    "tau_mean": 49.786809045226136,
    "tau_over_Tb": 2.196056462035605,
    "recovery_frac": 0.7939698492462312,
    "terminal_absorbed_frac": 0.6746231155778895,
    "below_frac_mean": 0.2791557621719245,
    "post_min_median": 0.3464,
    "post_min_p05": 0.19372499999999998,
    "post_min_max": 0.9924,
    "graze_rate_per_hour": 113.18612273941909
  },
  "verdicts": {
    "(8, 0.5)": "CLUSTERED @ phi=1.08 (0.17 of cycle past peak), p=1.1e-04",
    "(16, 0.5)": "CLUSTERED @ phi=1.23 (0.19 of cycle past peak), p=3.5e-05",
    "(32, 0.5)": "CLUSTERED @ phi=1.26 (0.20 of cycle past peak), p=3.9e-06",
    "(64, 0.5)": "CLUSTERED @ phi=0.79 (0.13 of cycle past peak), p=0.0e+00",
    "(8, 0.2)": "CLUSTERED @ phi=2.43 (0.39 of cycle past peak), p=4.4e-02",
    "(16, 0.2)": "insufficient (n<3 eligible)",
    "(32, 0.2)": "insufficient (n<3 eligible)",
    "(64, 0.2)": "insufficient (n<3 eligible)"
  },
  "pooled_verdict": "CLUSTERED @ phi=1.12 (0.18 of cycle past peak), p=0.0e+00"
}