{
  "mode": "set",
  "density_estimator": "nsf",
  "prior": "boxuniform",
  "b_scheme": "clinical_sparse",
  "hidden_features": 50,
  "num_transforms": 5,
  "log_dstar": true,
  "seed": 0,
  "budget": 50000,
  "epochs_trained": 180,
  "wall_clock_sec": 626.9297600840218,
  "per_epoch_sec": 3.482943111577899,
  "training_loss": [
    -6.25174293891059,
    -7.32357236328125,
    -7.531183604600694,
    -7.606026304796007,
    -7.654384423828125,
    -7.702616305881077,
    -7.717907299804687,
    -7.768064428710938,
    -7.795302715386285,
    -7.821072707790798,
    -7.837068332248264,
    -7.869897403971354,
    -7.894583596462674,
    -7.929601833767361,
    -7.961720746527778,
    -7.999597951931424,
    -8.036852864583333,
    -8.082575580512152,
    -8.125938878038195,
    -8.153660942925347,
    -8.186714548068576,
    -8.217284128146702,
    -8.229697989908853,
    -8.237294889322916,
    -8.267931388346355,
    -8.280280194769965,
    -8.292417073567709,
    -8.30204113498264,
    -8.318355471462674,
    -8.330763020833333,
    -8.341660180664062,
    -8.345627045355902,
    -8.356971682400173,
    -8.374077476671006,
    -8.38266041937934,
    -8.381255026584201,
    -8.395595909288195,
    -8.402396207682292,
    -8.412814415147569,
    -8.414562082248263,
    -8.424825821940104,
    -8.431841615125869,
    -8.436478415256076,
    -8.4502906765408,
    -8.458214152018229,
    -8.46165691189236,
    -8.47265716688368,
    -8.472318546549479,
    -8.480532690429687,
    -8.49241990017361,
    -8.491894837782118,
    -8.49776341688368,
    -8.507598613823784,
    -8.515915950520833,
    -8.523096728515625,
    -8.52530996907552,
    -8.535953382703992,
    -8.54079703233507,
    -8.54568687608507,
    -8.551653314887153,
    -8.562563381618924,
    -8.563629223632812,
    -8.568642084418403,
    -8.57291888563368,
    -8.577783881293403,
    -8.585619878472222,
    -8.585962361653646,
    -8.58903215060764,
    -8.59294486219618,
    -8.594326217990451,
    -8.60917552625868,
    -8.605214819335938,
    -8.613394498697916,
    -8.615519257269966,
    -8.614684857855902,
    -8.61666028374566,
    -8.63285631781684,
    -8.624876304796008,
    -8.618658479817709,
    -8.63585186360677,
    -8.634987483723958,
    -8.631134252929687,
    -8.637626782226562,
    -8.640483184136285,
    -8.649338427734374,
    -8.651796576605904,
    -8.648953892686633,
    -8.655223185221354,
    -8.656423524305556,
    -8.660429937065972,
    -8.66723775499132,
    -8.669225965711805,
    -8.669003767903646,
    -8.671347092013889,
    -8.66398155110677,
    -8.675012765842014,
    -8.67598299967448,
    -8.68632275390625,
    -8.680384903971355,
    -8.686582731119792,
    -8.688067475043402,
    -8.690388834635417,
    -8.689384187825521,
    -8.693496462673611,
    -8.691586436631944,
    -8.702351888020834,
    -8.706632652452257,
    -8.711035451931423,
    -8.704942122395833,
    -8.705005343967015,
    -8.709574701605902,
    -8.713715592447917,
    -8.71789740125868,
    -8.719106244574652,
    -8.717880249023438,
    -8.724653385416667,
    -8.71855667860243,
    -8.72734703233507,
    -8.726320979817709,
    -8.729425013563368,
    -8.730874758572048,
    -8.734757628038194,
    -8.729859977213541,
    -8.736545776367187,
    -8.738833965386284,
    -8.743805064561633,
    -8.7406414577908,
    -8.74457258843316,
    -8.74516064453125,
    -8.74156041937934,
    -8.749311257595487,
    -8.752899129231771,
    -8.757396118164063,
    -8.758248586697048,
    -8.750759887695313,
    -8.758057405598958,
    -8.75962301703559,
    -8.761653925238715,
    -8.766572802734375,
    -8.769963647460937,
    -8.764536558702257,
    -8.767996945529514,
    -8.769992260742187,
    -8.769915462239583,
    -8.772617746310765,
    -8.77158251953125,
    -8.77082437608507,
    -8.774437874348958,
    -8.77708011610243,
    -8.778939884440105,
    -8.774555788845486,
    -8.77935047200521,
    -8.78440361328125,
    -8.783441186523438,
    -8.788387369791666,
    -8.78377776421441,
    -8.790362977430556,
    -8.789837684461805,
    -8.786117008463542,
    -8.790237714301215,
    -8.794444886610243,
    -8.794715426974827,
    -8.789970551215278,
    -8.795334195963541,
    -8.792625542534722,
    -8.795389613172743,
    -8.808565798611111,
    -8.797229437934028,
    -8.801649408637152,
    -8.80226985405816,
    -8.80544593641493,
    -8.798806955295138,
    -8.809966395399305,
    -8.80980130750868,
    -8.808780943467882,
    -8.816698103841146,
    -8.813757975260417,
    -8.817534130859375,
    -8.81660848795573,
    -8.820180075412326
  ],