{
  "mode": "set",
  "density_estimator": "nsf",
  "prior": "boxuniform",
  "b_scheme": "clinical_sparse",
  "hidden_features": 50,
  "num_transforms": 5,
  "log_dstar": true,
  "seed": 0,
  "budget": 1000000,
  "epochs_trained": 122,
  "wall_clock_sec": 7995.55491537496,
  "per_epoch_sec": 65.5373353719259,
  "training_loss": [
    -7.720387035454644,
    -8.272074800618489,
    -8.461480918918186,
    -8.553388374294705,
    -8.623420983615452,
    -8.678187468532986,
    -8.726347072753907,
    -8.763566262885199,
    -8.793460947672527,
    -8.815435950385199,
    -8.834904495307075,
    -8.848486659071181,
    -8.857751376817491,
    -8.869429086778428,
    -8.876991284722223,
    -8.883985441758897,
    -8.891552286105686,
    -8.898675433620877,
    -8.902239612087673,
    -8.907242914496528,
    -8.911071913791233,
    -8.916156927354601,
    -8.921099182128906,
    -8.925743556450739,
    -8.929454546305339,
    -8.931340667995876,
    -8.935825860731336,
    -8.938028227267795,
    -8.940153251274957,
    -8.942959172770182,
    -8.944872555067274,
    -8.948415977783203,
    -8.949656140950522,
    -8.952764209255642,
    -8.954233349745008,
    -8.95662894680447,
    -8.959088545193142,
    -8.96068612060547,
    -8.96233518093533,
    -8.964110476345486,
    -8.96576825724284,
    -8.966852751193576,
    -8.96825052992079,
    -8.970656787516276,
    -8.971418944498698,
    -8.973459091932508,
    -8.974067278103298,
    -8.97675237467448,
    -8.977386037462022,
    -8.978567801513671,
    -8.980971028510199,
    -8.982219818250869,
    -8.983513048638239,
    -8.985008625081381,
    -8.986299618326823,
    -8.986805007459852,
    -8.988710172932942,
    -8.989930764838325,
    -8.990390540500217,
    -8.992037109103732,
    -8.993359445529514,
    -8.99428899983724,
    -8.996252455240885,
    -8.997348279758029,
    -8.998831361083985,
    -9.000095563557943,
    -9.000607028130425,
    -9.001721643202039,
    -9.002030386962891,
    -9.00350106906467,
    -9.004544368218315,
    -9.005052910563151,
    -9.005981763509114,
    -9.006951225179037,
    -9.008662368028428,
    -9.009072660861545,
    -9.009614461398655,
    -9.010512231445313,
    -9.01162743109809,
    -9.012879282633463,
    -9.012343452690972,
    -9.013878850911459,
    -9.014585880805122,
    -9.01486847140842,
    -9.015827443440756,
    -9.016451179877388,
    -9.01731177327474,
    -9.018163232286241,
    -9.01845695054796,
    -9.020403573133681,
    -9.019533645019532,
    -9.02064997639974,
    -9.021345150960286,
    -9.021835676405164,
    -9.023007832709418,
    -9.022892711452908,
    -9.024068887532552,
    -9.024725972357857,
    -9.024967538384331,
    -9.024742650960286,
    -9.025353710394965,
    -9.02602961385091,
    -9.026440276421441,
    -9.02818258884006,
    -9.028427553710937,
    -9.028608128662109,
    -9.029031489935981,
    -9.029407056749132,
    -9.030032179497613,
    -9.030403044840495,
    -9.031085163845486,
    -9.03161969930013,
    -9.031951041124133,
    -9.032566876627603,
    -9.032418548312718,
    -9.033263860134548,
    -9.033222234022352,
    -9.034286850043403,
    -9.034724672851562,
    -9.034408603108725,
    -9.035235190700956,
    -9.036124659423828
  ],
  "validation_loss": [
    -7.801462569580078,
    -8.35039832397461,
    -8.480493466796876,
    -8.592177604980469,
    -8.642531558837891,
    -8.681292274169921,
    -8.715207059326172,
    -8.773324858398437,
    -8.788822165527344,
    -8.83440898803711,
    -8.834965072021484,
    -8.836512568359375,
    -8.851691145019531,
    -8.867330856933593,
    -8.856000078125,
    -8.86975715209961,
    -8.854500295410157,
    -8.870758463134766,
    -8.882580040283203,
    -8.898608946533203,
    -8.886305638427734,
    -8.901249427490235,
    -8.89211247314453,
    -8.900370396728515,
    -8.91989193359375,
    -8.926087017822265,
    -8.919777365722656,
    -8.929399814453125,
    -8.933933302001954,
    -8.929340203857421,
    -8.924977100830079,
    -8.946887368164063,
    -8.927451846923828,
    -8.944458955078124,
    -8.93394931640625,
    -8.9107070703125,
    -8.935993162841797,
    -8.941244005126952,
    -8.93733262939453,
    -8.948733463134765,
    -8.943660344238282,
    -8.945302796630859,
    -8.958397486572265,
    -8.963360766601562,
    -8.938089681396484,
    -8.963396547851563,
    -8.949409357910156,
    -8.966519143066407,
    -8.940134704589843,
    -8.95753103881836,
    -8.943703198242188,
    -8.952799954833985,
    -8.964791694335938,
    -8.968738157958985,
    -8.958008023681641,
    -8.964844549560548,
    -8.939148489990234,
    -8.960243262939454,
    -8.971155798339844,
    -8.948741044921874,
    -8.95207788696289,
    -8.965491896972656,
    -8.963361682128907,
    -8.978694327392578,
    -8.959416525878906,
    -8.964446456298829,
    -8.942410142822265,
    -8.968161844482422,
    -8.956958841552735,
    -8.96216316040039,
    -8.976604718017578,
    -8.982430860595704,
    -8.976926829833983,
    -8.973770444335937,
    -8.980843695068359,
    -8.983495910644532,
    -8.982285629882812,
    -8.97997626586914,
    -8.965500159912109,
    -8.96589634399414,
    -8.98275864868164,
    -8.989870732421876,
    -8.95633071899414,
    -8.990466455078124,
    -8.959363280029297,
    -8.958539274902344,
    -8.986730050048829,
    -8.980641669921875,
    -8.975005574951172,
    -8.984608643798827,
    -8.977455700683594,
    -8.986245955810547,
    -8.98738388305664,
    -8.979240643310547,
    -8.983983853759765,
    -8.985907467041015,
    -8.985823587646484,
    -8.989143372802735,
    -8.964493604736328,
    -8.982901635742188,
    -8.968367172851563,
    -8.99979706298828,
    -8.977427825927734,
    -8.993388234863282,
    -8.99343796875,
    -8.986278966064454,
    -8.980083209228516,
    -8.978589038085937,
    -8.991522137451172,
    -8.975123428955078,
    -8.988332437744141,
    -8.982294809570313,
    -8.979243392333984,
    -8.98924625366211,
    -8.970633160400391,
    -8.979087119140624,
    -8.995337943115235,
    -8.981755267333984,
    -8.983500885009766,
    -8.984088955078125,
    -8.984301290283204,
    -8.996647454833985
  ]
}