{
  "0.110": {
    "near_betac": false,
    "k": [
      1.1275992558459023,
      1.3418992181760425,
      1.3538827324438891,
      1.2201092814437966
    ],
    "sigma": [
      0.0565635195210195,
      0.05825993569977904,
      0.05913644421458967,
      0.05208377354020595
    ],
    "shape": "non-monotonic (peak at N=128)",
    "bounded": {
      "k_inf": 1.325433268886496,
      "a": 4.858692635950056,
      "chi2": 7.185181808992986
    },
    "log": {
      "a": 0.03596267183457666,
      "b": 1.0923433428300167,
      "chi2": 9.502039094453664
    },
    "power": {
      "a": 1.109294564612324,
      "gamma": 0.027244323004826383,
      "chi2": 9.553238395793203,
      "ok": true
    },
    "better_divergent": "log",
    "aicc_bounded": 23.185181808992986,
    "aicc_divergent": 25.502039094453664,
    "aicc_log": 25.502039094453664,
    "aicc_power": 25.5532383957932,
    "gap": 2.316857285460678,
    "winner": "bounded",
    "bootstrap_kinf": {
      "median": 1.3259710409188443,
      "lo": 1.2353794700648035,
      "hi": 1.4144364301014754,
      "excludes_1": true,
      "B": 5000
    },
    "call": "saturating"
  },
  "0.115": {
    "near_betac": false,
    "k": [
      1.151855388338078,
      1.5185439575992266,
      1.4178776385479215,
      1.3709111420045705
    ],
    "sigma": [
      0.05170169074659445,
      0.06501383824401175,
      0.060271987397447664,
      0.056951509300051405
    ],
    "shape": "non-monotonic (peak at N=64)",
    "bounded": {
      "k_inf": 1.4862026295024873,
      "a": 9.165505158062969,
      "chi2": 10.101507440555828
    },
    "log": {
      "a": 0.09541206754423251,
      "b": 0.9168830629498818,
      "chi2": 15.489648758306448
    },
    "power": {
      "a": 0.9923979592094075,
      "gamma": 0.06741425104620566,
      "chi2": 15.855298678068552,
      "ok": true
    },
    "better_divergent": "log",
    "aicc_bounded": 26.101507440555828,
    "aicc_divergent": 31.489648758306448,
    "aicc_log": 31.489648758306448,
    "aicc_power": 31.85529867806855,
    "gap": 5.38814131775062,
    "winner": "bounded",
    "bootstrap_kinf": {
      "median": 1.4867370471340844,
      "lo": 1.3905738637530578,
      "hi": 1.5792918431802794,
      "excludes_1": true,
      "B": 5000
    },
    "call": "saturating"
  },
  "0.120": {
    "near_betac": false,
    "k": [
      1.1517372842216684,
      1.358327150520082,
      1.4940101300667943,
      1.5251366069494745
    ],
    "sigma": [
      0.04982601514712249,
      0.05700970668050236,
      0.0623339853035649,
      0.06557728764939362
    ],
    "shape": "levelling (concave)",
    "bounded": {
      "k_inf": 1.5873095337725995,
      "a": 13.998777575816263,
      "chi2": 0.11325006308170771
    },
    "log": {
      "a": 0.19001187338498957,
      "b": 0.5251009396655909,
      "chi2": 2.2144793410133925
    },
    "power": {
      "a": 0.7468597162250684,
      "gamma": 0.13512149067864987,
      "chi2": 2.8865874017667004,
      "ok": true
    },
    "better_divergent": "log",
    "aicc_bounded": 16.113250063081708,
    "aicc_divergent": 18.214479341013394,
    "aicc_log": 18.214479341013394,
    "aicc_power": 18.8865874017667,
    "gap": 2.1012292779316866,
    "winner": "bounded",
    "bootstrap_kinf": {
      "median": 1.5874850081145626,
      "lo": 1.4849954510887613,
      "hi": 1.6864609761923206,
      "excludes_1": true,
      "B": 5000
    },
    "call": "saturating"
  },
  "0.125": {
    "near_betac": false,
    "k": [
      1.2583554424815027,
      1.6365395537271175,
      1.4184496127368382,
      1.6047684723478615
    ],
    "sigma": [
      0.05329041826634945,
      0.06948881441779908,
      0.059087495785903055,
      0.06712357723551966
    ],
    "shape": "non-monotonic (peak at N=64)",
    "bounded": {
      "k_inf": 1.6151106815432208,
      "a": 10.366929793692915,
      "chi2": 11.379246125654472
    },
    "log": {
      "a": 0.13304200849370743,
      "b": 0.8607118396710762,
      "chi2": 13.888049550302046
    },
    "power": {
      "a": 0.9717227446989514,
      "gamma": 0.08979181640027274,
      "chi2": 14.129433124632229,
      "ok": true
    },
    "better_divergent": "log",
    "aicc_bounded": 27.379246125654472,
    "aicc_divergent": 29.888049550302046,
    "aicc_log": 29.888049550302046,
    "aicc_power": 30.12943312463223,
    "gap": 2.5088034246475743,
    "winner": "bounded",
    "bootstrap_kinf": {
      "median": 1.6159284037369996,
      "lo": 1.5110323179526541,
      "hi": 1.7160128965927586,
      "excludes_1": true,
      "B": 5000
    },
    "call": "saturating"
  },
  "0.130": {
    "near_betac": true,
    "k": [
      1.3307363316764782,
      1.553731068984058,
      1.6813329712211438,
      1.4658460981969075
    ],
    "sigma": [
      0.05748247406874237,
      0.06284799726173573,
      0.0698470979979972,
      0.05963429509874186
    ],
    "shape": "non-monotonic (peak at N=128)",
    "bounded": {
      "k_inf": 1.611580354327202,
      "a": 7.839742766778883,
      "chi2": 8.690633804354668
    },
    "log": {
      "a": 0.07458118247515493,
      "b": 1.1571166092273546,
      "chi2": 12.563948467198514
    },
    "power": {
      "a": 1.2045816121725519,
      "gamma": 0.04748720606848441,
      "chi2": 12.75260309358711,
      "ok": true
    },
    "better_divergent": "log",
    "aicc_bounded": 24.69063380435467,
    "aicc_divergent": 28.563948467198514,
    "aicc_log": 28.563948467198514,
    "aicc_power": 28.752603093587112,
    "gap": 3.873314662843846,
    "winner": "bounded",
    "bootstrap_kinf": {
      "median": 1.6119903025102387,
      "lo": 1.5090689785235971,
      "hi": 1.7116223865938438,
      "excludes_1": true,
      "B": 5000
    },
    "call": "saturating"
  }
}