{
  "0.110": {
    "near_betac": false,
    "k": [
      1.1275992558459023,
      1.3418992181760425,
      1.3538827324438891,
      1.3786725194113423,
      1.2201092814437966
    ],
    "sigma": [
      0.0565635195210195,
      0.05825993569977904,
      0.05913644421458967,
      0.05886554352274376,
      0.05208377354020595
    ],
    "bounded2": {
      "k_inf": 1.3531425818129357,
      "a": 5.8967586977961854,
      "chi2": 8.460029721138733,
      "k": 2,
      "aicc": 18.46002972113873
    },
    "satgen3": {
      "k_inf": 1.331918389072067,
      "a": 49.999999999999986,
      "gamma": 1.6286917355027763,
      "chi2": 7.076879278949933,
      "k": 3,
      "aicc": 37.07687927894993,
      "ok": true
    },
    "log2": {
      "a": 0.053518089860389,
      "b": 1.0282679763780989,
      "chi2": 11.439583903768042,
      "k": 2,
      "aicc": 21.439583903768042
    },
    "power2": {
      "a": 1.058658212277026,
      "gamma": 0.0402589347979657,
      "chi2": 11.556747974419793,
      "k": 2,
      "aicc": 21.556747974419793
    },
    "best_sat": "bounded2",
    "best_div": "log2",
    "gap": 2.979554182629311,
    "winner": "saturating:bounded2",
    "boot_kinf_bounded2": {
      "median": 1.354040937065753,
      "lo": 1.273995015515461,
      "hi": 1.429362457879227,
      "excludes_1": true
    },
    "boot_kinf_satgen3": {
      "median": 1.3314860848842383,
      "lo": 1.268594688419797,
      "hi": 1.4019228683361036,
      "excludes_1": true,
      "frac_at_cap": 0.0
    },
    "call": "saturating"
  },
  "0.115": {
    "near_betac": false,
    "k": [
      1.151855388338078,
      1.5185439575992266,
      1.4178776385479215,
      1.4325373830339048,
      1.3709111420045705
    ],
    "sigma": [
      0.05170169074659445,
      0.06501383824401175,
      0.060271987397447664,
      0.06192028667204076,
      0.056951509300051405
    ],
    "bounded2": {
      "k_inf": 1.4840836758990776,
      "a": 9.089035582195988,
      "chi2": 10.108013092384189,
      "k": 2,
      "aicc": 20.10801309238419
    },
    "satgen3": {
      "k_inf": 1.453033989674568,
      "a": 49.99999999999999,
      "gamma": 1.5132986566548332,
      "chi2": 7.972173852292219,
      "k": 3,
      "aicc": 37.972173852292215,
      "ok": true
    },
    "log2": {
      "a": 0.09798036674679285,
      "b": 0.9075766071420777,
      "chi2": 15.525606425355203,
      "k": 2,
      "aicc": 25.525606425355203
    },
    "power2": {
      "a": 0.9846809732982091,
      "gamma": 0.06960742868842039,
      "chi2": 15.915065201761447,
      "k": 2,
      "aicc": 25.915065201761447
    },
    "best_sat": "bounded2",
    "best_div": "log2",
    "gap": 5.417593332971013,
    "winner": "saturating:bounded2",
    "boot_kinf_bounded2": {
      "median": 1.4849682662021422,
      "lo": 1.4018667226701436,
      "hi": 1.5642548520425006,
      "excludes_1": true
    },
    "boot_kinf_satgen3": {
      "median": 1.4519007119209542,
      "lo": 1.3834785806719094,
      "hi": 1.5272308359069044,
      "excludes_1": true,
      "frac_at_cap": 0.0
    },
    "call": "saturating"
  },
  "0.120": {
    "near_betac": false,
    "k": [
      1.1517372842216684,
      1.358327150520082,
      1.4940101300667943,
      1.4577946859227244,
      1.5251366069494745
    ],
    "sigma": [
      0.04982601514712249,
      0.05700970668050236,
      0.0623339853035649,
      0.06042020155841751,
      0.06557728764939362
    ],
    "bounded2": {
      "k_inf": 1.564299354048428,
      "a": 13.151582494615791,
      "chi2": 0.702566805942903,
      "k": 2,
      "aicc": 10.702566805942903
    },
    "satgen3": {
      "k_inf": 1.5452859698626875,
      "a": 20.179061581501614,
      "gamma": 1.13543151273239,
      "chi2": 0.6768959266831188,
      "k": 3,
      "aicc": 30.67689592668312,
      "ok": true
    },
    "log2": {
      "a": 0.175152903061487,
      "b": 0.5798464876476981,
      "chi2": 2.9938341251471585,
      "k": 2,
      "aicc": 12.993834125147158
    },
    "power2": {
      "a": 0.7717203581956722,
      "gamma": 0.12616842773863987,
      "chi2": 3.5702378406614077,
      "k": 2,
      "aicc": 13.570237840661408
    },
    "best_sat": "bounded2",
    "best_div": "log2",
    "gap": 2.2912673192042554,
    "winner": "saturating:bounded2",
    "boot_kinf_bounded2": {
      "median": 1.5654954053698074,
      "lo": 1.4798191081561596,
      "hi": 1.6481242023517149,
      "excludes_1": true
    },
    "boot_kinf_satgen3": {
      "median": 1.5683071025726179,
      "lo": 1.4552559901749778,
      "hi": 9.999999999999503,
      "excludes_1": true,
      "frac_at_cap": 0.072
    },
    "call": "saturating"
  },
  "0.125": {
    "near_betac": false,
    "k": [
      1.2583554424815027,
      1.6365395537271175,
      1.4184496127368382,
      1.5758532553296338,
      1.6047684723478615
    ],
    "sigma": [
      0.05329041826634945,
      0.06948881441779908,
      0.059087495785903055,
      0.06360643889155557,
      0.06712357723551966
    ],
    "bounded2": {
      "k_inf": 1.620809958053207,
      "a": 10.573599703571269,
      "chi2": 11.416087464603073,
      "k": 2,
      "aicc": 21.416087464603073
    },
    "satgen3": {
      "k_inf": 1.5828191887222807,
      "a": 49.99999999999999,
      "gamma": 1.4768329858846307,
      "chi2": 10.47131569208283,
      "k": 3,
      "aicc": 40.47131569208283,
      "ok": true
    },
    "log2": {
      "a": 0.13633461037463473,
      "b": 0.8486283621807625,
      "chi2": 13.92851939102327,
      "k": 2,
      "aicc": 23.928519391023272
    },
    "power2": {
      "a": 0.9633760123202667,
      "gamma": 0.09215404780170927,
      "chi2": 14.18217885058641,
      "k": 2,
      "aicc": 24.18217885058641
    },
    "best_sat": "bounded2",
    "best_div": "log2",
    "gap": 2.5124319264201986,
    "winner": "saturating:bounded2",
    "boot_kinf_bounded2": {
      "median": 1.6221869020100548,
      "lo": 1.5338306662255201,
      "hi": 1.7071019079721537,
      "excludes_1": true
    },
    "boot_kinf_satgen3": {
      "median": 1.5879623692910727,
      "lo": 1.5075717355490632,
      "hi": 9.999999999876374,
      "excludes_1": true,
      "frac_at_cap": 0.06433333333333334
    },
    "call": "saturating"
  },
  "0.130": {
    "near_betac": true,
    "k": [
      1.3307363316764782,
      1.553731068984058,
      1.6813329712211438,
      1.6836743455632242,
      1.4658460981969075
    ],
    "sigma": [
      0.05748247406874237,
      0.06284799726173573,
      0.0698470979979972,
      0.06959418888634074,
      0.05963429509874186
    ],
    "bounded2": {
      "k_inf": 1.6494554234363794,
      "a": 9.234255481612639,
      "chi2": 10.609840069262006,
      "k": 2,
      "aicc": 20.609840069262006
    },
    "satgen3": {
      "k_inf": 1.6172311419016685,
      "a": 49.99999999999999,
      "gamma": 1.5092014411861374,
      "chi2": 9.240998444316375,
      "k": 3,
      "aicc": 39.240998444316375,
      "ok": true
    },
    "log2": {
      "a": 0.09767230546204862,
      "b": 1.0731648945356906,
      "chi2": 15.25652784535757,
      "k": 2,
      "aicc": 25.25652784535757
    },
    "power2": {
      "a": 1.1449042262304208,
      "gamma": 0.06170758729873364,
      "chi2": 15.590838390232268,
      "k": 2,
      "aicc": 25.590838390232268
    },
    "best_sat": "bounded2",
    "best_div": "log2",
    "gap": 4.646687776095565,
    "winner": "saturating:bounded2",
    "boot_kinf_bounded2": {
      "median": 1.6504645768437411,
      "lo": 1.559447540433893,
      "hi": 1.7364012681294205,
      "excludes_1": true
    },
    "boot_kinf_satgen3": {
      "median": 1.6176057990366468,
      "lo": 1.5418822581287732,
      "hi": 1.7030177975283576,
      "excludes_1": true,
      "frac_at_cap": 0.0
    },
    "call": "saturating"
  }
}