{
 "script": "tools/reduced-ode/depth_aging_fit.py",
 "seed": 20260610,
 "n_boot": 1000,
 "question": "Is the Weibull aging (k > 1) of the reduced-flow capture times controlled by depth beyond the homoclinic, and is there a resolvable onset depth d*?",
 "inputs": {
  "results_corner": "paper/revision-data-gated/results_corner.json",
  "n_aging_points": 8,
  "n_per_point": 1200,
  "n_censored": 0
 },
 "crosschecks": {
  "max_abs_dev_A_hc_point_vs_cached_curve": 0.0,
  "max_abs_dev_refit_k_vs_committed_k_boot": 0.0,
  "note": "refit uses the corner_map_data.py censored-Weibull MLE verbatim"
 },
 "table": [
  {
   "beta": 0.03,
   "A": 0.461,
   "tag": "near-hc, low beta",
   "depth_beyond_hc": 0.02047977342419599,
   "A_hc_at_beta": 0.44052022657580403,
   "A_H_interp": 0.26878863446534834,
   "band_width": 0.1717315921104557,
   "rel_depth": 0.11925454817319604,
   "sigma": 0.0048118965126274695,
   "omega": 0.20836391990939482,
   "n": 1200,
   "n_captured": 1200,
   "n_censored": 0,
   "k_primary": 1.0234824075994364,
   "k_ci_primary": [
    0.978141726276043,
    1.0699240918809785
   ],
   "se_primary": 0.023414299020008293,
   "k_boot": 1.0234826757285616,
   "k_ci_boot": [
    0.9847588547106931,
    1.0676929118686176
   ],
   "k_gt_1_primary_ci": false,
   "k_gt_1_boot_ci": false,
   "fitter_agreement_dk": 2.681291251249718e-07,
   "refit_k_this_script": 1.0234826757285616
  },
  {
   "beta": 0.03,
   "A": 0.5,
   "tag": "deep, low beta",
   "depth_beyond_hc": 0.05947977342419597,
   "A_hc_at_beta": 0.44052022657580403,
   "A_H_interp": 0.26878863446534834,
   "band_width": 0.1717315921104557,
   "rel_depth": 0.3463531240421931,
   "sigma": 0.005313014024655874,
   "omega": 0.18445480300597097,
   "n": 1200,
   "n_captured": 1200,
   "n_censored": 0,
   "k_primary": 1.300534573885886,
   "k_ci_primary": [
    1.2417050158081884,
    1.3607905030328984
   ],
   "se_primary": 0.030379509053238007,
   "k_boot": 1.3005356883389916,
   "k_ci_boot": [
    1.2400558099381394,
    1.3731416872999396
   ],
   "k_gt_1_primary_ci": true,
   "k_gt_1_boot_ci": true,
   "fitter_agreement_dk": 1.11445310557734e-06,
   "refit_k_this_script": 1.3005356883389916
  },
  {
   "beta": 0.05,
   "A": 0.43,
   "tag": "near-hc, operating beta",
   "depth_beyond_hc": 0.020400955244361696,
   "A_hc_at_beta": 0.4095990447556383,
   "A_H_interp": 0.2703011983169119,
   "band_width": 0.1392978464387264,
   "rel_depth": 0.14645563995374158,
   "sigma": 0.009253265001449438,
   "omega": 0.294479464384991,
   "n": 1200,
   "n_captured": 1200,
   "n_censored": 0,
   "k_primary": 0.9671578551724864,
   "k_ci_primary": [
    0.9265124279757354,
    1.0086632617460622
   ],
   "se_primary": 0.020957230443600528,
   "k_boot": 0.9671575954742714,
   "k_ci_boot": [
    0.9374517659217135,
    0.9986957675969567
   ],
   "k_gt_1_primary_ci": false,
   "k_gt_1_boot_ci": false,
   "fitter_agreement_dk": 2.59698215043791e-07,
   "refit_k_this_script": 0.9671575954742714
  },
  {
   "beta": 0.05,
   "A": 0.5,
   "tag": "OPERATING CORNER (anchor)",
   "depth_beyond_hc": 0.0904009552443617,
   "A_hc_at_beta": 0.4095990447556383,
   "A_H_interp": 0.2703011983169119,
   "band_width": 0.1392978464387264,
   "rel_depth": 0.6489759716718004,
   "sigma": 0.012428143694635211,
   "omega": 0.3276754767514011,
   "n": 1200,
   "n_captured": 1200,
   "n_censored": 0,
   "k_primary": 1.3969741745635322,
   "k_ci_primary": [
    1.3348221485865575,
    1.4605623243573425
   ],
   "se_primary": 0.03207716487716292,
   "k_boot": 1.3969742264385487,
   "k_ci_boot": [
    1.3279135716792574,
    1.4731030371584932
   ],
   "k_gt_1_primary_ci": true,
   "k_gt_1_boot_ci": true,
   "fitter_agreement_dk": 5.1875016504610016e-08,
   "refit_k_this_script": 1.3969742264385487
  },
  {
   "beta": 0.1,
   "A": 0.374,
   "tag": "near-hc, mid beta",
   "depth_beyond_hc": 0.02030730479695475,
   "A_hc_at_beta": 0.35369269520304525,
   "A_H_interp": 0.2777324011095137,
   "band_width": 0.07596029409353156,
   "rel_depth": 0.2673410502064398,
   "sigma": 0.01260000746985612,
   "omega": 0.2568177689193935,
   "n": 1200,
   "n_captured": 1200,
   "n_censored": 0,
   "k_primary": 1.0207185457875285,
   "k_ci_primary": [
    0.9832936453585893,
    1.0585151179170296
   ],
   "se_primary": 0.019189503774502396,
   "k_boot": 1.020718360958114,
   "k_ci_boot": [
    0.9786088596616882,
    1.0772501164615365
   ],
   "k_gt_1_primary_ci": false,
   "k_gt_1_boot_ci": false,
   "fitter_agreement_dk": 1.8482941444020184e-07,
   "refit_k_this_script": 1.020718360958114
  },
  {
   "beta": 0.1,
   "A": 0.5,
   "tag": "deep, mid beta",
   "depth_beyond_hc": 0.14630730479695475,
   "A_hc_at_beta": 0.35369269520304525,
   "A_H_interp": 0.2777324011095137,
   "band_width": 0.07596029409353156,
   "rel_depth": 1.9261024005094478,
   "sigma": 0.024955976733942925,
   "omega": 0.3251823521232827,
   "n": 1200,
   "n_captured": 1200,
   "n_censored": 0,
   "k_primary": 1.5137733919548806,
   "k_ci_primary": [
    1.44733581554431,
    1.5817168332858964
   ],
   "se_primary": 0.034281501803494055,
   "k_boot": 1.5137731874728912,
   "k_ci_boot": [
    1.447940570145156,
    1.5874565708515362
   ],
   "k_gt_1_primary_ci": true,
   "k_gt_1_boot_ci": true,
   "fitter_agreement_dk": 2.044819893409766e-07,
   "refit_k_this_script": 1.5137731874728912
  },
  {
   "beta": 0.18,
   "A": 0.339,
   "tag": "near-hc, high beta",
   "depth_beyond_hc": 0.020418662212733973,
   "A_hc_at_beta": 0.31858133778726605,
   "A_H_interp": 0.3032839418318356,
   "band_width": 0.015297395955430448,
   "rel_depth": 1.3347802640543875,
   "sigma": 0.011658447981355468,
   "omega": 0.17935032330456635,
   "n": 1200,
   "n_captured": 1200,
   "n_censored": 0,
   "k_primary": 1.3311496518600532,
   "k_ci_primary": [
    1.290252107096327,
    1.3718476108966227
   ],
   "se_primary": 0.02081556203172877,
   "k_boot": 1.331150624150207,
   "k_ci_boot": [
    1.2175471267520723,
    1.5323734351616378
   ],
   "k_gt_1_primary_ci": true,
   "k_gt_1_boot_ci": true,
   "fitter_agreement_dk": 9.72290153722355e-07,
   "refit_k_this_script": 1.331150624150207
  },
  {
   "beta": 0.16,
   "A": 0.5,
   "tag": "deep, high beta",
   "depth_beyond_hc": 0.17916072928272975,
   "A_hc_at_beta": 0.32083927071727025,
   "A_H_interp": 0.2949955599035966,
   "band_width": 0.025843710813673648,
   "rel_depth": 6.932469202059698,
   "sigma": 0.03982913136660461,
   "omega": 0.3123570240557862,
   "n": 1200,
   "n_captured": 1200,
   "n_censored": 0,
   "k_primary": 1.4331558578350756,
   "k_ci_primary": [
    1.372687123490724,
    1.4949399657369875
   ],
   "se_primary": 0.03118752263066522,
   "k_boot": 1.433155915030472,
   "k_ci_boot": [
    1.393199170972681,
    1.4757802563171667
   ],
   "k_gt_1_primary_ci": true,
   "k_gt_1_boot_ci": true,
   "fitter_agreement_dk": 5.719539641901861e-08,
   "refit_k_this_script": 1.433155915030472
  }
 ],
 "paired_deltas_within_beta": [
  {
   "beta": 0.03,
   "depth_shallow": 0.02047977342419599,
   "depth_deep": 0.05947977342419597,
   "k_shallow": 1.0234824075994364,
   "k_deep": 1.300534573885886,
   "delta_k": 0.2770521662864496,
   "se_delta_k": 0.03835549463784989,
   "z": 7.2232718910903975
  },
  {
   "beta": 0.05,
   "depth_shallow": 0.020400955244361696,
   "depth_deep": 0.0904009552443617,
   "k_shallow": 0.9671578551724864,
   "k_deep": 1.3969741745635322,
   "delta_k": 0.4298163193910458,
   "se_delta_k": 0.0383164457436082,
   "z": 11.217541477284492
  },
  {
   "beta": 0.1,
   "depth_shallow": 0.02030730479695475,
   "depth_deep": 0.14630730479695475,
   "k_shallow": 1.0207185457875285,
   "k_deep": 1.5137733919548806,
   "delta_k": 0.49305484616735207,
   "se_delta_k": 0.039286873393216314,
   "z": 12.550116707747177
  }
 ],
 "anchor_all1400": {
  "beta": 0.05,
  "A": 0.5,
  "n": 1400,
  "n_captured": 1400,
  "k_boot": 1.2179479281923502,
  "k_ci_boot": [
   1.1654649039236489,
   1.2791753802860182
  ],