{
  "b0.11_N32": {
    "n": 300,
    "n_died": 272,
    "n_cens": 28,
    "median_tau": 3792.25,
    "weibull_k": 1.1275992558459023,
    "weibull_k_lo": 1.019856982455241,
    "weibull_k_hi": 1.241581904655294,
    "weibull_lambda": 5685.559831821512,
    "exp_lambda": 5543.369485294118,
    "lrt_stat": 5.447267971329893,
    "lrt_p": 0.01959895309291522,
    "lnS_r2": 0.9927427781741364,
    "lnS_runs_p": 9.504319904786352e-46,
    "hazard_ratio_maxmin": 1.8468105620606097,
    "hazard_slope": 7.047619624940875e-09,
    "dwell_spearman_rho": 0.006428682554459703,
    "dwell_spearman_p": 0.9159494261415482,
    "ci_excludes_1": true,
    "hazard_nonconstant": true,
    "decision": "STRUCTURED"
  },
  "b0.11_N64": {
    "n": 300,
    "n_died": 300,
    "n_cens": 0,
    "median_tau": 992.0,
    "weibull_k": 1.3418992181760425,
    "weibull_k_lo": 1.2299814777580749,
    "weibull_k_hi": 1.4583562291844474,
    "weibull_lambda": 1401.282023012681,
    "exp_lambda": 1278.0233333333333,
    "lrt_stat": 39.34612207915325,
    "lrt_p": 3.549571132072532e-10,
    "lnS_r2": 0.9871450486137688,
    "lnS_runs_p": 1.1557717948450565e-53,
    "hazard_ratio_maxmin": 1.6823796572548244,
    "hazard_slope": 1.0949149264351428e-08,
    "dwell_spearman_rho": 0.06482491025422905,
    "dwell_spearman_p": 0.2630161363974888,
    "ci_excludes_1": true,
    "hazard_nonconstant": true,
    "decision": "STRUCTURED"
  },
  "b0.11_N128": {
    "n": 300,
    "n_died": 300,
    "n_cens": 0,
    "median_tau": 732.75,
    "weibull_k": 1.3538827324438891,
    "weibull_k_lo": 1.2403320688966342,
    "weibull_k_hi": 1.4721426705653498,
    "weibull_lambda": 1060.2669727789491,
    "exp_lambda": 965.8,
    "lrt_stat": 41.170891073024904,
    "lrt_p": 1.394844182142911e-10,
    "lnS_r2": 0.9850575301335944,
    "lnS_runs_p": 1.4825570250484739e-58,
    "hazard_ratio_maxmin": 1.9111358046069837,
    "hazard_slope": 3.360158249754316e-07,
    "dwell_spearman_rho": 0.07887883798471756,
    "dwell_spearman_p": 0.1729953616383939,
    "ci_excludes_1": true,
    "hazard_nonconstant": true,
    "decision": "STRUCTURED"
  },
  "b0.115_N32": {
    "n": 300,
    "n_died": 295,
    "n_cens": 5,
    "median_tau": 2130.75,
    "weibull_k": 1.151855388338078,
    "weibull_k_lo": 1.0527237914620136,
    "weibull_k_hi": 1.2553906950683194,
    "weibull_lambda": 3192.0620237725366,
    "exp_lambda": 3039.820338983051,
    "lrt_stat": 9.240053957129021,
    "lrt_p": 0.0023677797651425365,
    "lnS_r2": 0.9979428649902664,
    "lnS_runs_p": 2.6698928062911192e-27,
    "hazard_ratio_maxmin": 1.4992581785384143,
    "hazard_slope": 1.5762760814280843e-09,
    "dwell_spearman_rho": -0.006781808989942467,
    "dwell_spearman_p": 0.9076618952879105,
    "ci_excludes_1": true,
    "hazard_nonconstant": false,
    "decision": "FLAT"
  },
  "b0.115_N64": {
    "n": 300,
    "n_died": 300,
    "n_cens": 0,
    "median_tau": 667.0,
    "weibull_k": 1.5185439575992266,
    "weibull_k_lo": 1.3934938192664554,
    "weibull_k_hi": 1.648343382176407,
    "weibull_lambda": 979.3224681907628,
    "exp_lambda": 875.8916666666667,
    "lrt_stat": 76.08244904830826,
    "lrt_p": 2.720646660300413e-18,
    "lnS_r2": 0.973210241499861,
    "lnS_runs_p": 4.486722737978748e-49,
    "hazard_ratio_maxmin": 1.7259508867728772,
    "hazard_slope": 3.895738594769748e-08,
    "dwell_spearman_rho": -0.013600379799620027,
    "dwell_spearman_p": 0.8145246979950147,
    "ci_excludes_1": true,
    "hazard_nonconstant": true,
    "decision": "STRUCTURED"
  },
  "b0.115_N128": {
    "n": 300,
    "n_died": 300,
    "n_cens": 0,
    "median_tau": 602.75,
    "weibull_k": 1.4178776385479215,
    "weibull_k_lo": 1.3018867362172069,
    "weibull_k_hi": 1.5381485853685057,
    "weibull_lambda": 882.2628526676978,
    "exp_lambda": 795.7683333333333,
    "lrt_stat": 55.68917873589817,
    "lrt_p": 8.488424860874943e-14,
    "lnS_r2": 0.9846063851782151,
    "lnS_runs_p": 9.678570713424066e-47,
    "hazard_ratio_maxmin": 1.602232988808917,
    "hazard_slope": -1.1518438904640239e-08,
    "dwell_spearman_rho": 0.0747443172903308,
    "dwell_spearman_p": 0.1966996722851472,
    "ci_excludes_1": true,
    "hazard_nonconstant": true,
    "decision": "STRUCTURED"
  },
  "b0.12_N32": {
    "n": 300,
    "n_died": 299,
    "n_cens": 1,
    "median_tau": 1637.75,
    "weibull_k": 1.1517372842216684,
    "weibull_k_lo": 1.055941976470066,
    "weibull_k_hi": 1.2512563668330805,
    "weibull_lambda": 2406.1727496793,
    "exp_lambda": 2280.782608695652,
    "lrt_stat": 9.871923721127132,
    "lrt_p": 0.0016781995054221566,
    "lnS_r2": 0.9925332760573474,
    "lnS_runs_p": 1.715749858907139e-50,
    "hazard_ratio_maxmin": 1.716176521808315,
    "hazard_slope": 2.680003910136005e-10,
    "dwell_spearman_rho": -0.009607005286985888,
    "dwell_spearman_p": 0.8686066092033708,
    "ci_excludes_1": true,
    "hazard_nonconstant": true,
    "decision": "STRUCTURED"
  },
  "b0.12_N64": {
    "n": 300,
    "n_died": 300,
    "n_cens": 0,
    "median_tau": 558.0,
    "weibull_k": 1.358327150520082,
    "weibull_k_lo": 1.2485136674782302,
    "weibull_k_hi": 1.4719876112041845,
    "weibull_lambda": 840.2735036776274,
    "exp_lambda": 762.4666666666667,
    "lrt_stat": 44.73962213568211,
    "lrt_p": 2.2505663990072155e-11,
    "lnS_r2": 0.9971844503688547,
    "lnS_runs_p": 1.8053957292651186e-46,
    "hazard_ratio_maxmin": 1.4888392268208996,
    "hazard_slope": -6.804170115139362e-08,
    "dwell_spearman_rho": 0.04191006673567229,
    "dwell_spearman_p": 0.46956251768347934,
    "ci_excludes_1": true,
    "hazard_nonconstant": false,
    "decision": "FLAT"
  },
  "b0.12_N128": {
    "n": 300,
    "n_died": 300,
    "n_cens": 0,
    "median_tau": 519.0,
    "weibull_k": 1.4940101300667943,
    "weibull_k_lo": 1.3738234093480366,
    "weibull_k_hi": 1.618168141763709,
    "weibull_lambda": 743.7080938364682,
    "exp_lambda": 665.6416666666667,
    "lrt_stat": 73.4109477351385,
    "lrt_p": 1.05280528446502e-17,
    "lnS_r2": 0.994975052861048,
    "lnS_runs_p": 2.355470493186398e-42,
    "hazard_ratio_maxmin": 2.1518309499186143,
    "hazard_slope": 7.389018794263737e-07,
    "dwell_spearman_rho": 0.13908516632481874,
    "dwell_spearman_p": 0.01592206432785499,
    "ci_excludes_1": true,
    "hazard_nonconstant": true,
    "decision": "STRUCTURED"
  },
  "b0.125_N32": {
    "n": 300,
    "n_died": 300,
    "n_cens": 0,
    "median_tau": 1024.75,
    "weibull_k": 1.2583554424815027,
    "weibull_k_lo": 1.1557300026737662,
    "weibull_k_hi": 1.364624603720007,
    "weibull_lambda": 1561.468965294996,
    "exp_lambda": 1441.4016666666666,
    "lrt_stat": 25.839948005957922,
    "lrt_p": 3.7093137815050655e-07,
    "lnS_r2": 0.9938767828557791,
    "lnS_runs_p": 7.242115309729444e-52,
    "hazard_ratio_maxmin": 1.5883770401919983,
    "hazard_slope": -3.745239994662968e-08,
    "dwell_spearman_rho": 0.05578603987345072,
    "dwell_spearman_p": 0.33556815260494177,
    "ci_excludes_1": true,
    "hazard_nonconstant": true,
    "decision": "STRUCTURED"
  },
  "b0.125_N64": {
    "n": 300,
    "n_died": 300,
    "n_cens": 0,
    "median_tau": 533.0,
    "weibull_k": 1.6365395537271175,
    "weibull_k_lo": 1.5028160774520074,
    "weibull_k_hi": 1.7752072246265551,
    "weibull_lambda": 722.2672088859989,
    "exp_lambda": 641.2416666666667,
    "lrt_stat": 103.02021836240965,
    "lrt_p": 3.31745270208692e-24,
    "lnS_r2": 0.9786164465351332,
    "lnS_runs_p": 2.8327787545050117e-52,
    "hazard_ratio_maxmin": 2.136354121653174,
    "hazard_slope": 1.2844282216488187e-07,
    "dwell_spearman_rho": -0.02195986142798666,
    "dwell_spearman_p": 0.704826152821053,
    "ci_excludes_1": true,
    "hazard_nonconstant": true,
    "decision": "STRUCTURED"
  },
  "b0.125_N128": {
    "n": 300,
    "n_died": 300,
    "n_cens": 0,
    "median_tau": 451.75,
    "weibull_k": 1.4184496127368382,
    "weibull_k_lo": 1.3045618856153252,
    "weibull_k_hi": 1.5361806129693896,