{
  "_meta": {
    "_wall_seconds": 38.8,
    "_ms_per_run": 25.9,
    "_n_runs": 1500,
    "_seed_range": [
      20266609,
      20268108
    ],
    "_protocol": {
      "eps_std": 0.04,
      "dt_hold": 50.0,
      "T_max": 12000.0,
      "M": 300
    }
  },
  "b0.110_N192": {
    "beta": 0.11,
    "N": 192,
    "n": 300,
    "n_died": 300,
    "n_cens": 0,
    "median_tau": 688.5,
    "max_tau": 4245.5,
    "frac_censored": 0.0,
    "weibull_k": 1.3786725194113423,
    "weibull_k_lo": 1.2654295196246355,
    "weibull_k_hi": 1.496178210094541,
    "weibull_lambda": 1000.9362387293382,
    "exp_lambda": 907.265,
    "lrt_stat": 47.47906669506483,
    "lrt_p": 5.559445869499271e-12,
    "ci_excludes_1": true
  },
  "b0.115_N192": {
    "beta": 0.115,
    "N": 192,
    "n": 300,
    "n_died": 300,
    "n_cens": 0,
    "median_tau": 529.75,
    "max_tau": 2642.5,
    "frac_censored": 0.0,
    "weibull_k": 1.4325373830339048,
    "weibull_k_lo": 1.3136135069404642,
    "weibull_k_hi": 1.556336570519655,
    "weibull_lambda": 795.9124200287628,
    "exp_lambda": 717.215,
    "lrt_stat": 57.4183168671625,
    "lrt_p": 3.523109411105614e-14,
    "ci_excludes_1": true
  },
  "b0.120_N192": {
    "beta": 0.12,
    "N": 192,
    "n": 300,
    "n_died": 300,
    "n_cens": 0,
    "median_tau": 464.0,
    "max_tau": 3265.5,
    "frac_censored": 0.0,
    "weibull_k": 1.4577946859227244,
    "weibull_k_lo": 1.3412405598858725,
    "weibull_k_hi": 1.578083397872171,
    "weibull_lambda": 671.1605021145825,
    "exp_lambda": 602.22,
    "lrt_stat": 66.25795456604737,
    "lrt_p": 3.956080067665249e-16,
    "ci_excludes_1": true
  },
  "b0.125_N192": {
    "beta": 0.125,
    "N": 192,
    "n": 300,
    "n_died": 300,
    "n_cens": 0,
    "median_tau": 427.0,
    "max_tau": 3357.5,
    "frac_censored": 0.0,
    "weibull_k": 1.5758532553296338,
    "weibull_k_lo": 1.4527610598305676,
    "weibull_k_hi": 1.702093718655161,
    "weibull_lambda": 595.47520979771,
    "exp_lambda": 529.7483333333333,
    "lrt_stat": 95.2045568490912,
    "lrt_p": 1.7169460732525315e-22,
    "ci_excludes_1": true
  },
  "b0.130_N192": {
    "beta": 0.13,
    "N": 192,
    "n": 300,
    "n_died": 300,
    "n_cens": 0,
    "median_tau": 349.25,
    "max_tau": 1991.5,
    "frac_censored": 0.0,
    "weibull_k": 1.6836743455632242,
    "weibull_k_lo": 1.5494392472580951,
    "weibull_k_hi": 1.8222434547591062,
    "weibull_lambda": 506.2523056507551,
    "exp_lambda": 448.02666666666664,
    "lrt_stat": 117.58681804808475,
    "lrt_p": 2.135451208767588e-27,
    "ci_excludes_1": true
  }
}