{
  "_meta": {
    "_wall_seconds": 58.2,
    "_ms_per_run": 38.8,
    "_n_runs": 1500,
    "_seed_range": [
      20265109,
      20266608
    ],
    "_protocol": {
      "eps_std": 0.04,
      "dt_hold": 50.0,
      "T_max": 12000.0,
      "M": 300,
      "r": 0.15,
      "dt": 0.05
    }
  },
  "b0.110_N256": {
    "beta": 0.11,
    "N": 256,
    "n": 300,
    "n_died": 300,
    "n_cens": 0,
    "median_tau": 643.0,
    "max_tau": 5062.5,
    "frac_censored": 0.0,
    "weibull_k": 1.2201092814437966,
    "weibull_k_lo": 1.1199434537933297,
    "weibull_k_hi": 1.3241080944288175,
    "weibull_lambda": 1068.74693501068,
    "exp_lambda": 994.025,
    "lrt_stat": 19.485376397220534,
    "lrt_p": 1.0137280127123166e-05,
    "ci_excludes_1": true
  },
  "b0.115_N256": {
    "beta": 0.115,
    "N": 256,
    "n": 300,
    "n_died": 300,
    "n_cens": 0,
    "median_tau": 575.0,
    "max_tau": 5991.5,
    "frac_censored": 0.0,
    "weibull_k": 1.3709111420045705,
    "weibull_k_lo": 1.2610254932782041,
    "weibull_k_hi": 1.4842713074648015,
    "weibull_lambda": 914.2257915779788,
    "exp_lambda": 828.2516666666667,
    "lrt_stat": 47.80161284199039,
    "lrt_p": 4.716039106759406e-12,
    "ci_excludes_1": true
  },
  "b0.120_N256": {
    "beta": 0.12,
    "N": 256,
    "n": 300,
    "n_died": 300,
    "n_cens": 0,
    "median_tau": 572.75,
    "max_tau": 2582.0,
    "frac_censored": 0.0,
    "weibull_k": 1.5251366069494745,
    "weibull_k_lo": 1.399102865055369,
    "weibull_k_hi": 1.6561611090486386,
    "weibull_lambda": 785.215464519137,
    "exp_lambda": 701.78,
    "lrt_stat": 77.2003118684679,
    "lrt_p": 1.5446914978338566e-18,
    "ci_excludes_1": true
  },
  "b0.125_N256": {
    "beta": 0.125,
    "N": 256,
    "n": 300,
    "n_died": 300,
    "n_cens": 0,
    "median_tau": 444.0,
    "max_tau": 2130.0,
    "frac_censored": 0.0,
    "weibull_k": 1.6047684723478615,
    "weibull_k_lo": 1.4754191470074525,
    "weibull_k_hi": 1.7385387347976748,
    "weibull_lambda": 626.8102592771132,
    "exp_lambda": 556.9833333333333,
    "lrt_stat": 97.85318918743178,
    "lrt_p": 4.505804552903787e-23,
    "ci_excludes_1": true
  },
  "b0.130_N256": {
    "beta": 0.13,
    "N": 256,
    "n": 300,
    "n_died": 300,
    "n_cens": 0,
    "median_tau": 345.0,
    "max_tau": 2298.0,
    "frac_censored": 0.0,
    "weibull_k": 1.4658460981969075,
    "weibull_k_lo": 1.3506925911148857,
    "weibull_k_hi": 1.5844547323888207,
    "weibull_lambda": 530.3645186295067,
    "exp_lambda": 474.745,
    "lrt_stat": 70.04011574850301,
    "lrt_p": 5.81105835313737e-17,
    "ci_excludes_1": true
  }
}