{
  "beta": 0.12,
  "r": 0.15,
  "eps": 0.04,
  "dt_hold": 50.0,
  "T_max": 8000.0,
  "dt": 0.05,
  "nseed": 40,
  "seeds": [
    20260609,
    20260610,
    20260611,
    20260612,
    20260613,
    20260614,
    20260615,
    20260616,
    20260617,
    20260618,
    20260619,
    20260620,
    20260621,
    20260622,
    20260623,
    20260624,
    20260625,
    20260626,
    20260627,
    20260628,
    20260629,
    20260630,
    20260631,
    20260632,
    20260633,
    20260634,
    20260635,
    20260636,
    20260637,
    20260638,
    20260639,
    20260640,
    20260641,
    20260642,
    20260643,
    20260644,
    20260645,
    20260646,
    20260647,
    20260648
  ],
  "by_N": {
    "32": {
      "P": 5,
      "taus": [
        1048.0,
        967.0,
        733.0,
        5503.5,
        845.0,
        6757.5,
        2759.5,
        866.5,
        976.5,
        3257.5,
        5245.5,
        413.5,
        4116.5,
        258.0,
        2408.0,
        6018.0,
        193.0,
        2013.5,
        1432.0,
        1348.5,
        1698.0,
        1223.5,
        8000.0,
        1973.5,
        339.0,
        459.0,
        346.0,
        3011.5,
        1472.0,
        2520.0,
        2984.5,
        1379.0,
        1788.0,
        3459.0,
        3705.0,
        483.0,
        1843.0,
        1948.5,
        594.0,
        583.0
      ],
      "events": [
        1,
        1,
        1,
        1,
        1,
        1,
        1,
        1,
        1,
        1,
        1,
        1,
        1,
        1,
        1,
        1,
        1,
        1,
        1,
        1,
        1,
        1,
        0,
        1,
        1,
        1,
        1,
        1,
        1,
        1,
        1,
        1,
        1,
        1,
        1,
        1,
        1,
        1,
        1,
        1
      ],
      "n_died": 39,
      "frac": 0.975,
      "median_all": 1585.0,
      "median_died": 1472.0,
      "mean_died": 2024.871794871795,
      "rho_std": 0.15776590737193538
    },
    "48": {
      "P": 7,
      "taus": [
        5142.5,
        3204.5,
        5211.0,
        302.5,
        298.5,
        666.0,
        2456.5,
        2026.5,
        3075.0,
        1995.0,
        648.0,
        1410.0,
        404.5,
        183.0,
        2647.5,
        1910.0,
        3220.5,
        667.0,
        1500.5,
        556.5,
        2761.0,
        1374.5,
        1884.5,
        448.0,
        3847.0,
        2407.0,
        441.0,
        2451.0,
        4751.5,
        2303.5,
        4050.5,
        1383.0,
        812.5,
        1902.0,
        1618.5,
        729.5,
        576.5,
        804.5,
        2163.0,
        1541.5
      ],
      "events": [
        1,
        1,
        1,
        1,
        1,
        1,
        1,
        1,
        1,
        1,
        1,
        1,
        1,
        1,
        1,
        1,
        1,
        1,
        1,
        1,
        1,
        1,
        1,
        1,
        1,
        1,
        1,
        1,
        1,
        1,
        1,
        1,
        1,
        1,
        1,
        1,
        1,
        1,
        1,
        1
      ],
      "n_died": 40,
      "frac": 1.0,
      "median_all": 1751.5,
      "median_died": 1751.5,
      "mean_died": 1894.4,
      "rho_std": 0.15708676257696275
    },
    "64": {
      "P": 10,
      "taus": [
        1847.5,
        708.0,
        550.0,
        979.5,
        374.5,
        445.0,
        459.5,
        1259.0,
        362.0,
        1451.5,
        1034.5,
        197.0,
        506.5,
        449.0,
        2534.0,
        471.0,
        542.5,
        389.0,
        463.0,
        439.5,
        992.5,
        430.0,
        922.0,
        298.5,
        303.5,
        653.5,
        340.0,
        226.5,
        1730.0,
        336.5,
        241.0,
        686.5,
        1365.5,
        255.0,
        371.0,
        373.5,
        304.0,
        1506.5,
        464.0,
        1441.0
      ],
      "events": [
        1,
        1,
        1,
        1,
        1,
        1,
        1,
        1,
        1,
        1,
        1,
        1,
        1,
        1,
        1,
        1,
        1,
        1,
        1,
        1,
        1,
        1,
        1,
        1,
        1,
        1,
        1,
        1,
        1,
        1,
        1,
        1,
        1,
        1,
        1,
        1,
        1,
        1,
        1,
        1
      ],
      "n_died": 40,
      "frac": 1.0,
      "median_all": 463.5,
      "median_died": 463.5,
      "mean_died": 717.5875,
      "rho_std": 0.14578491758810141
    },
    "96": {
      "P": 14,
      "taus": [
        934.0,
        939.5,
        400.5,
        1077.0,
        696.5,
        838.0,
        252.0,
        181.5,
        237.0,
        760.0,
        1657.5,
        417.5,
        547.5,
        1360.0,
        627.5,
        290.5,
        491.0,
        268.5,
        1187.0,
        1889.5,
        747.0,
        402.0,
        139.0,
        1073.0,
        814.5,
        1139.0,
        1419.5,
        609.5,
        1489.5,
        1019.0,
        321.5,
        268.0,
        869.0,
        1070.0,
        873.0,
        484.5,
        1189.0,
        162.0,
        152.5,
        501.0
      ],
      "events": [
        1,
        1,
        1,
        1,
        1,
        1,
        1,
        1,
        1,
        1,
        1,
        1,
        1,
        1,
        1,
        1,
        1,
        1,
        1,
        1,
        1,
        1,
        1,
        1,
        1,
        1,
        1,
        1,
        1,
        1,
        1,
        1,
        1,
        1,
        1,
        1,
        1,
        1,
        1,
        1
      ],
      "n_died": 40,
      "frac": 1.0,
      "median_all": 721.75,
      "median_died": 721.75,
      "mean_died": 744.875,
      "rho_std": 0.142318686376096
    },
    "128": {
      "P": 19,
      "taus": [
        680.0,
        222.0,
        748.5,
        559.0,
        1015.0,
        243.5,
        431.0,
        503.0,
        305.0,
        364.5,
        1135.0,
        172.5,
        869.0,
        1023.0,
        136.5,
        155.5,
        176.5,
        340.5,
        414.0,
        341.5,
        441.5,
        285.5,
        1116.5,
        287.5,
        974.0,
        176.5,
        450.0,
        263.5,
        1618.5,
        240.0,
        288.5,
        599.0,
        649.0,
        786.5,
        767.0,
        301.0,
        393.0,
        438.0,
        454.5,
        636.5
      ],
      "events": [
        1,
        1,
        1,
        1,
        1,
        1,
        1,
        1,
        1,
        1,
        1,
        1,
        1,
        1,
        1,
        1,
        1,
        1,
        1,
        1,
        1,
        1,
        1,
        1,
        1,
        1,
        1,
        1,
        1,
        1,
        1,
        1,
        1,
        1,
        1,
        1,
        1,
        1,
        1,
        1
      ],
      "n_died": 40,
      "frac": 1.0,
      "median_all": 434.5,
      "median_died": 434.5,
      "mean_died": 525.05,
      "rho_std": 0.1380637673831094
    }
  }
}