{
  "N": 36,
  "T_max": 8000.0,
  "nseed": 12,
  "cells": {
    "0.1,0.12": {
      "frac": 0.0,
      "rho_std": 0.17630678402501274,
      "median_died": NaN,
      "taus": [
        8000.0,
        8000.0,
        8000.0,
        8000.0,
        8000.0,
        8000.0,
        8000.0,
        8000.0,
        8000.0,
        8000.0,
        8000.0,
        8000.0
      ],
      "events": [
        0,
        0,
        0,
        0,
        0,
        0,
        0,
        0,
        0,
        0,
        0,
        0
      ]
    },
    "0.1,0.2": {
      "frac": 0.0,
      "rho_std": 0.13415879078389117,
      "median_died": NaN,
      "taus": [
        8000.0,
        8000.0,
        8000.0,
        8000.0,
        8000.0,
        8000.0,
        8000.0,
        8000.0,
        8000.0,
        8000.0,
        8000.0,
        8000.0
      ],
      "events": [
        0,
        0,
        0,
        0,
        0,
        0,
        0,
        0,
        0,
        0,
        0,
        0
      ]
    },
    "0.1,0.28": {
      "frac": 0.0,
      "rho_std": 0.10794896832249834,
      "median_died": NaN,
      "taus": [
        8000.0,
        8000.0,
        8000.0,
        8000.0,
        8000.0,
        8000.0,
        8000.0,
        8000.0,
        8000.0,
        8000.0,
        8000.0,
        8000.0
      ],
      "events": [
        0,
        0,
        0,
        0,
        0,
        0,
        0,
        0,
        0,
        0,
        0,
        0
      ]
    },
    "0.1,0.35": {
      "frac": 0.0,
      "rho_std": 0.044141409594552976,
      "median_died": NaN,
      "taus": [
        8000.0,
        8000.0,
        8000.0,
        8000.0,
        8000.0,
        8000.0,
        8000.0,
        8000.0,
        8000.0,
        8000.0,
        8000.0,
        8000.0
      ],
      "events": [
        0,
        0,
        0,
        0,
        0,
        0,
        0,
        0,
        0,
        0,
        0,
        0
      ]
    },
    "0.1,0.42": {
      "frac": 0.0,
      "rho_std": 0.003435305664933975,
      "median_died": NaN,
      "taus": [
        8000.0,
        8000.0,
        8000.0,
        8000.0,
        8000.0,
        8000.0,
        8000.0,
        8000.0,
        8000.0,
        8000.0,
        8000.0,
        8000.0
      ],
      "events": [
        0,
        0,
        0,
        0,
        0,
        0,
        0,
        0,
        0,
        0,
        0,
        0
      ]
    },
    "0.13,0.12": {
      "frac": 0.0,
      "rho_std": 0.1787247477455993,
      "median_died": NaN,
      "taus": [
        8000.0,
        8000.0,
        8000.0,
        8000.0,
        8000.0,
        8000.0,
        8000.0,
        8000.0,
        8000.0,
        8000.0,
        8000.0,
        8000.0
      ],
      "events": [
        0,
        0,
        0,
        0,
        0,
        0,
        0,
        0,
        0,
        0,
        0,
        0
      ]
    },
    "0.13,0.2": {
      "frac": 0.0,
      "rho_std": 0.12631314907095537,
      "median_died": NaN,
      "taus": [
        8000.0,
        8000.0,
        8000.0,
        8000.0,
        8000.0,
        8000.0,
        8000.0,
        8000.0,
        8000.0,
        8000.0,
        8000.0,
        8000.0
      ],
      "events": [
        0,
        0,
        0,
        0,
        0,
        0,
        0,
        0,
        0,
        0,
        0,
        0
      ]
    },
    "0.13,0.28": {
      "frac": 0.0,
      "rho_std": 0.055700734329700095,
      "median_died": NaN,
      "taus": [
        8000.0,
        8000.0,
        8000.0,
        8000.0,
        8000.0,
        8000.0,
        8000.0,
        8000.0,
        8000.0,
        8000.0,
        8000.0,
        8000.0
      ],
      "events": [
        0,
        0,
        0,
        0,
        0,
        0,
        0,
        0,
        0,
        0,
        0,
        0
      ]
    },
    "0.13,0.35": {
      "frac": 0.0,
      "rho_std": 0.012313490834835907,
      "median_died": NaN,
      "taus": [
        8000.0,
        8000.0,
        8000.0,
        8000.0,
        8000.0,
        8000.0,
        8000.0,
        8000.0,
        8000.0,
        8000.0,
        8000.0,
        8000.0
      ],
      "events": [
        0,
        0,
        0,
        0,
        0,
        0,
        0,
        0,
        0,
        0,
        0,
        0
      ]
    },
    "0.13,0.42": {
      "frac": 0.0,
      "rho_std": 0.00199638000675367,
      "median_died": NaN,
      "taus": [
        8000.0,
        8000.0,
        8000.0,
        8000.0,
        8000.0,
        8000.0,
        8000.0,
        8000.0,
        8000.0,
        8000.0,
        8000.0,
        8000.0
      ],
      "events": [
        0,
        0,
        0,
        0,
        0,
        0,
        0,
        0,
        0,
        0,
        0,
        0
      ]
    },
    "0.16,0.12": {
      "frac": 0.0,
      "rho_std": 0.15795512809083992,
      "median_died": NaN,
      "taus": [
        8000.0,
        8000.0,
        8000.0,
        8000.0,
        8000.0,
        8000.0,
        8000.0,
        8000.0,
        8000.0,
        8000.0,
        8000.0,
        8000.0
      ],
      "events": [
        0,
        0,
        0,
        0,
        0,
        0,
        0,
        0,
        0,
        0,
        0,
        0
      ]
    },
    "0.16,0.2": {
      "frac": 0.0,
      "rho_std": 0.11411589873221073,
      "median_died": NaN,
      "taus": [
        8000.0,
        8000.0,
        8000.0,
        8000.0,
        8000.0,
        8000.0,
        8000.0,
        8000.0,
        8000.0,
        8000.0,
        8000.0,
        8000.0
      ],
      "events": [
        0,
        0,
        0,
        0,
        0,
        0,
        0,
        0,
        0,
        0,
        0,
        0
      ]
    },
    "0.16,0.28": {
      "frac": 0.0,
      "rho_std": 0.03457251477308189,
      "median_died": NaN,
      "taus": [
        8000.0,
        8000.0,
        8000.0,
        8000.0,
        8000.0,
        8000.0,
        8000.0,
        8000.0,
        8000.0,
        8000.0,
        8000.0,
        8000.0
      ],
      "events": [
        0,
        0,
        0,
        0,
        0,
        0,
        0,
        0,
        0,
        0,
        0,
        0
      ]
    },
    "0.16,0.35": {
      "frac": 0.0,
      "rho_std": 0.00047348367593088767,
      "median_died": NaN,
      "taus": [
        8000.0,
        8000.0,
        8000.0,
        8000.0,
        8000.0,
        8000.0,
        8000.0,
        8000.0,
        8000.0,
        8000.0,
        8000.0,
        8000.0
      ],
      "events": [
        0,
        0,
        0,
        0,
        0,
        0,
        0,
        0,
        0,
        0,
        0,
        0
      ]
    },
    "0.16,0.42": {
      "frac": 0.0,
      "rho_std": 4.263342068387695e-05,
      "median_died": NaN,
      "taus": [
        8000.0,
        8000.0,
        8000.0,
        8000.0,
        8000.0,
        8000.0,
        8000.0,
        8000.0,
        8000.0,
        8000.0,
        8000.0,
        8000.0
      ],
      "events": [
        0,
        0,
        0,
        0,
        0,
        0,
        0,
        0,
        0,
        0,
        0,
        0
      ]
    },
    "0.19,0.12": {
      "frac": 0.0,
      "rho_std": 0.09523861047899392,
      "median_died": NaN,
      "taus": [
        8000.0,
        8000.0,
        8000.0,
        8000.0,
        8000.0,
        8000.0,
        8000.0,
        8000.0,
        8000.0,
        8000.0,
        8000.0,
        8000.0
      ],
      "events": [
        0,
        0,
        0,
        0,
        0,
        0,
        0,
        0,
        0,
        0,
        0,
        0
      ]
    },
    "0.19,0.2": {
      "frac": 0.0,
      "rho_std": 0.07445504848193209,
      "median_died": NaN,