{
  "cells": [
    {
      "param": "Dstar",
      "t2": 30.0,
      "lam": 1.0,
      "level": 0.9,
      "n_kept": 300,
      "n_total": 300,
      "drop_frac": 0.0,
      "n_used": 300,
      "n_num_dropped": 0,
      "bias_u": -0.7071163247687746,
      "std_u": 1.704228020999226,
      "gamma": 0.019660085507683802,
      "zstar": 0.0,
      "tau_stat": 1.9976087557377973,
      "tau_star": 2.153627038034563,
      "tau_star_status": "vertex",
      "G_raw": 0.1560182822967655,
      "sign_match_raw": null,
      "tau_star_std": 1.1448402035129217,
      "tau_star_std_status": "vertex",
      "G_std": 0.1448402035129217,
      "sign_match_std": null,
      "G_theory": 0.0,
      "eu_star": -2.1899842708419213,
      "eu_at_tau_stat": -2.281779022593595,
      "regret_coverage_cal": 0.09179475175167395,
      "actions_at_tau_stat": {
        "SPARE": 0.0,
        "TREAT": 0.18666666666666668,
        "ESCALATE": 0.8133333333333334
      },
      "actions_at_tau_star": {
        "SPARE": 0.0,
        "TREAT": 0.14333333333333334,
        "ESCALATE": 0.8566666666666667
      },
      "provisional": true,
      "generator": "mcmc",
      "snr": 40.0
    },
    {
      "param": "Dstar",
      "t2": 30.0,
      "lam": 2.0,
      "level": 0.9,
      "n_kept": 300,
      "n_total": 300,
      "drop_frac": 0.0,
      "n_used": 300,
      "n_num_dropped": 0,
      "bias_u": -0.7071163247687746,
      "std_u": 1.704228020999226,
      "gamma": 0.019660085507683802,
      "zstar": -0.276029804798144,
      "tau_stat": 1.9976087557377973,
      "tau_star": 4.0,
      "tau_star_status": "argmax",
      "G_raw": 2.0023912442622027,
      "sign_match_raw": true,
      "tau_star_std": 3.25,
      "tau_star_std_status": "argmax",
      "G_std": 2.25,
      "sign_match_std": true,
      "G_theory": 0.0009044615941667966,
      "eu_star": -2.588166446714818,
      "eu_at_tau_stat": -2.9709870280749016,
      "regret_coverage_cal": 0.38282058136008335,
      "actions_at_tau_stat": {
        "SPARE": 0.0,
        "TREAT": 0.023333333333333334,
        "ESCALATE": 0.9766666666666667
      },
      "actions_at_tau_star": {
        "SPARE": 0.0,
        "TREAT": 0.01,
        "ESCALATE": 0.99
      },
      "provisional": true,
      "generator": "mcmc",
      "snr": 40.0
    },
    {
      "param": "Dstar",
      "t2": 30.0,
      "lam": 3.0,
      "level": 0.9,
      "n_kept": 300,
      "n_total": 300,
      "drop_frac": 0.0,
      "n_used": 300,
      "n_num_dropped": 0,
      "bias_u": -0.7071163247687746,
      "std_u": 1.704228020999226,
      "gamma": 0.019660085507683802,
      "zstar": -0.43632656379365165,
      "tau_stat": 1.9976087557377973,
      "tau_star": 4.25,
      "tau_star_status": "argmax",
      "G_raw": 2.2523912442622027,
      "sign_match_raw": true,
      "tau_star_std": 2.15,
      "tau_star_std_status": "argmax",
      "G_std": 1.15,
      "sign_match_std": true,
      "G_theory": 0.0014297029255761738,
      "eu_star": -2.412163945711841,
      "eu_at_tau_stat": -3.349991311446383,
      "regret_coverage_cal": 0.9378273657345422,
      "actions_at_tau_stat": {
        "SPARE": 0.0,
        "TREAT": 0.016666666666666666,
        "ESCALATE": 0.9833333333333333
      },
      "actions_at_tau_star": {
        "SPARE": 0.0,
        "TREAT": 0.0033333333333333335,
        "ESCALATE": 0.9966666666666667
      },
      "provisional": true,
      "generator": "mcmc",
      "snr": 40.0
    },
    {
      "param": "Dstar",
      "t2": 30.0,
      "lam": 4.0,
      "level": 0.9,
      "n_kept": 300,
      "n_total": 300,
      "drop_frac": 0.0,
      "n_used": 300,
      "n_num_dropped": 0,
      "bias_u": -0.7071163247687746,
      "std_u": 1.704228020999226,
      "gamma": 0.019660085507683802,
      "zstar": -0.5491558210993039,
      "tau_stat": 1.9976087557377973,
      "tau_star": 3.4,
      "tau_star_status": "argmax",
      "G_raw": 1.4023912442622026,
      "sign_match_raw": true,
      "tau_star_std": 5.1,
      "tau_star_std_status": "argmax",
      "G_std": 4.1,
      "sign_match_std": true,
      "G_theory": 0.0017994083999757708,
      "eu_star": -2.4208764741031983,
      "eu_at_tau_stat": -3.0907644622683996,
      "regret_coverage_cal": 0.6698879881652013,
      "actions_at_tau_stat": {
        "SPARE": 0.0,
        "TREAT": 0.013333333333333334,
        "ESCALATE": 0.9866666666666667
      },
      "actions_at_tau_star": {
        "SPARE": 0.0,
        "TREAT": 0.0033333333333333335,
        "ESCALATE": 0.9966666666666667
      },
      "provisional": true,
      "generator": "mcmc",
      "snr": 40.0
    },
    {
      "param": "f",
      "t2": 0.2,
      "lam": 1.0,
      "level": 0.9,
      "n_kept": 300,
      "n_total": 300,
      "drop_frac": 0.0,
      "n_used": 300,
      "n_num_dropped": 0,
      "bias_u": -0.07670160341899795,
      "std_u": 1.554380480027791,
      "gamma": 0.41567939622325056,
      "zstar": 0.0,
      "tau_stat": 1.5989358590250207,
      "tau_star": 1.0,
      "tau_star_status": "flat",
      "G_raw": -0.5989358590250207,
      "sign_match_raw": null,
      "tau_star_std": 1.0,
      "tau_star_std_status": "flat",
      "G_std": 0.0,
      "sign_match_std": null,
      "G_theory": 0.0,
      "eu_star": -0.005388633706043478,
      "eu_at_tau_stat": -0.005388633706043478,
      "regret_coverage_cal": 0.0,
      "actions_at_tau_stat": {
        "SPARE": 0.0,
        "TREAT": 0.46,
        "ESCALATE": 0.54
      },
      "actions_at_tau_star": {
        "SPARE": 0.0,
        "TREAT": 0.46,
        "ESCALATE": 0.54
      },
      "provisional": true,
      "generator": "mcmc",
      "snr": 40.0
    },
    {
      "param": "f",
      "t2": 0.2,
      "lam": 2.0,
      "level": 0.9,
      "n_kept": 300,
      "n_total": 300,
      "drop_frac": 0.0,
      "n_used": 300,
      "n_num_dropped": 0,
      "bias_u": -0.07670160341899795,
      "std_u": 1.554380480027791,
      "gamma": 0.41567939622325056,
      "zstar": -0.276029804798144,
      "tau_stat": 1.5989358590250207,
      "tau_star": 1.1357809126300265,
      "tau_star_status": "vertex",
      "G_raw": -0.4631549463949942,
      "sign_match_raw": false,
      "tau_star_std": 0.6225297673928376,
      "tau_star_std_status": "vertex",
      "G_std": -0.3774702326071624,
      "sign_match_std": false,
      "G_theory": 0.019123317099685698,
      "eu_star": -0.006609498250550419,
      "eu_at_tau_stat": -0.00689560847927096,
      "regret_coverage_cal": 0.0002861102287205408,
      "actions_at_tau_stat": {
        "SPARE": 0.0,
        "TREAT": 0.41333333333333333,
        "ESCALATE": 0.5866666666666667
      },
      "actions_at_tau_star": {
        "SPARE": 0.0,
        "TREAT": 0.43,
        "ESCALATE": 0.57
      },
      "provisional": true,
      "generator": "mcmc",
      "snr": 40.0
    },
    {
      "param": "f",
      "t2": 0.2,
      "lam": 3.0,
      "level": 0.9,
      "n_kept": 300,
      "n_total": 300,
      "drop_frac": 0.0,
      "n_used": 300,
      "n_num_dropped": 0,
      "bias_u": -0.07670160341899795,
      "std_u": 1.554380480027791,
      "gamma": 0.41567939622325056,
      "zstar": -0.43632656379365165,
      "tau_stat": 1.5989358590250207,
      "tau_star": 2.1700738570309133,
      "tau_star_status": "vertex",
      "G_raw": 0.5711379980058926,
      "sign_match_raw": true,
      "tau_star_std": 1.5376657905540594,
      "tau_star_std_status": "vertex",
      "G_std": 0.5376657905540594,
      "sign_match_std": true,
      "G_theory": 0.030228660432318456,
      "eu_star": -0.007770894563872914,
      "eu_at_tau_stat": -0.008300225908561156,
      "regret_coverage_cal": 0.0005293313446882424,
      "actions_at_tau_stat": {
        "SPARE": 0.0,
        "TREAT": 0.36333333333333334,
        "ESCALATE": 0.6366666666666667
      },
      "actions_at_tau_star": {
        "SPARE": 0.0,
        "TREAT": 0.32666666666666666,
        "ESCALATE": 0.6733333333333333
      },
      "provisional": true,
      "generator": "mcmc",