{
  "config": {
    "dose_max": 70.0,
    "dose_min": 40.0,
    "n_iter": 6,
    "n_voxels": 144,
    "nx": 12,
    "ny": 12,
    "seed": 20260622,
    "snr": 30.0,
    "snr_low": 7.0
  },
  "convergence": {
    "drop_trusted_ci_excludes_zero": true,
    "drop_trusted_tumour": [
      0.17577378396383714,
      0.16714213142953468,
      0.1848695999139592
    ],
    "drop_untrusted_tumour_held": [
      0.0,
      0.0,
      0.0
    ],
    "n_treat_final": 0
  },
  "suppression": {
    "act_rate_trust_gated": [
      0.5727554179566563,
      0.5356037151702786,
      0.6114551083591331
    ],
    "act_rate_untrust_gated": [
      0.0,
      0.0,
      0.0
    ],
    "act_rate_untrust_ungated": [
      0.42201834862385323,
      0.3623853211009174,
      0.48623853211009177
    ]
  },
  "trajectory": {
    "mean_abs_dose_change": [
      3.0555555555555554,
      1.5972222222222223,
      1.4236111111111112,
      1.2847222222222223,
      1.0416666666666667,
      1.1458333333333333
    ],
    "mean_dose": [
      49.861111111111114,
      48.68055555555556,
      47.25694444444444,
      45.97222222222222,
      44.93055555555556,
      43.78472222222222
    ],
    "mean_f_truth": [
      0.1209914625305711,
      0.10732618489341395,
      0.09754755716030902,
      0.09298316587906044,
      0.0917668100765035,
      0.09169583186993159
    ],
    "n_escalate": [
      77,
      101,
      85,
      81,
      78,
      72
    ],
    "n_treat": [
      21,
      3,
      0,
      0,
      0,
      0
    ]
  }
}