{
  "0.5": {
    "-5": {
      "success_rate": 0.0,
      "mean_error": 0.24059999999999998,
      "std_error": 0.06173848070693025,
      "n_fail": 500,
      "fail_err_mean": 0.24059999999999998,
      "fail_err_std": 0.06173848070693025
    },
    "0": {
      "success_rate": 0.004,
      "mean_error": 0.1732,
      "std_error": 0.05293165404557089,
      "n_fail": 498,
      "fail_err_mean": 0.1738955823293173,
      "fail_err_std": 0.051885001242923404
    },
    "5": {
      "success_rate": 0.142,
      "mean_error": 0.10919999999999999,
      "std_error": 0.06320886013843312,
      "n_fail": 429,
      "fail_err_mean": 0.12727272727272726,
      "fail_err_std": 0.04854308856408437
    },
    "10": {
      "success_rate": 0.316,
      "mean_error": 0.0856,
      "std_error": 0.0761093949522659,
      "n_fail": 342,
      "fail_err_mean": 0.12514619883040934,
      "fail_err_std": 0.05932718995542643
    },
    "15": {
      "success_rate": 0.79,
      "mean_error": 0.0348,
      "std_error": 0.07993097021805752,
      "n_fail": 105,
      "fail_err_mean": 0.1657142857142857,
      "fail_err_std": 0.09343046452137695
    },
    "20": {
      "success_rate": 0.994,
      "mean_error": 0.001,
      "std_error": 0.014798648586948744,
      "n_fail": 3,
      "fail_err_mean": 0.16666666666666666,
      "fail_err_std": 0.09428090415820636
    }
  },
  "0.7": {
    "-5": {
      "success_rate": 0.07,
      "mean_error": 0.28879999999999995,
      "std_error": 0.12080794675848107,
      "n_fail": 465,
      "fail_err_mean": 0.3105376344086021,
      "fail_err_std": 0.09456596481785007
    },
    "0": {
      "success_rate": 0.34,
      "mean_error": 0.11539999999999999,
      "std_error": 0.11055695364833455,
      "n_fail": 330,
      "fail_err_mean": 0.17484848484848484,
      "fail_err_std": 0.0901386545448669
    },
    "5": {
      "success_rate": 0.272,
      "mean_error": 0.10740000000000002,
      "std_error": 0.08273596557725062,
      "n_fail": 364,
      "fail_err_mean": 0.14752747252747253,
      "fail_err_std": 0.059016079138727806
    },
    "10": {
      "success_rate": 0.332,
      "mean_error": 0.076,
      "std_error": 0.06183849933496124,
      "n_fail": 334,
      "fail_err_mean": 0.11377245508982035,
      "fail_err_std": 0.03777679112715572
    },
    "15": {
      "success_rate": 0.88,
      "mean_error": 0.011999999999999997,
      "std_error": 0.03249615361854383,
      "n_fail": 60,
      "fail_err_mean": 0.09999999999999996,
      "fail_err_std": 2.6573940485783934e-17
    },
    "20": {
      "success_rate": 1.0,
      "mean_error": 0.0,
      "std_error": 0.0,
      "n_fail": 0,
      "fail_err_mean": 0.0,
      "fail_err_std": 0.0
    }
  },
  "0.9": {
    "-5": {
      "success_rate": 0.382,
      "mean_error": 0.1608,
      "std_error": 0.21675645319113343,
      "n_fail": 309,
      "fail_err_mean": 0.2601941747572817,
      "fail_err_std": 0.2239711345068381
    },
    "0": {
      "success_rate": 0.482,
      "mean_error": 0.0662,
      "std_error": 0.0946443870496291,
      "n_fail": 259,
      "fail_err_mean": 0.12779922779922778,
      "fail_err_std": 0.09705798847501855
    },
    "5": {
      "success_rate": 0.276,
      "mean_error": 0.10940000000000003,
      "std_error": 0.09127781767768117,
      "n_fail": 362,
      "fail_err_mean": 0.15110497237569062,
      "fail_err_std": 0.07215234823961694
    },
    "10": {
      "success_rate": 0.494,
      "mean_error": 0.050599999999999985,
      "std_error": 0.04999639987039065,
      "n_fail": 253,
      "fail_err_mean": 0.09999999999999999,
      "fail_err_std": 1.3877787807814457e-17
    },
    "15": {
      "success_rate": 0.944,
      "mean_error": 0.005599999999999999,
      "std_error": 0.02299217258111986,
      "n_fail": 28,
      "fail_err_mean": 0.09999999999999999,
      "fail_err_std": 1.3877787807814457e-17
    },
    "20": {
      "success_rate": 1.0,
      "mean_error": 0.0,
      "std_error": 0.0,
      "n_fail": 0,
      "fail_err_mean": 0.0,
      "fail_err_std": 0.0
    }
  }
}