{
  "rows": {
    "0.3": {
      "per_field": {
        "p": {
          "rms_deriv": 0.0010098481711638804,
          "var_field": 0.000395981507196536,
          "R_signal_amp": 0.0025753559453393455
        },
        "c": {
          "rms_deriv": 0.001786500489668332,
          "var_field": 0.0017846138681110089,
          "R_signal_amp": 0.0017883891056856133
        },
        "n": {
          "rms_deriv": 0.00038198268281208774,
          "var_field": 0.0001242627875545179,
          "R_signal_amp": 0.0011742113052494055
        }
      },
      "R_signal_amp_mean": 0.0018459854520914548,
      "rms_deriv_mean": 0.0010594437812147667,
      "A_noise": 17.56036,
      "R_signal_dB": -27.337717259001938,
      "rms_power_dB": -59.498441678657734,
      "A_noise_dB": 12.445334150103385
    },
    "0.4": {
      "per_field": {
        "p": {
          "rms_deriv": 0.0021377066671885827,
          "var_field": 0.0004773106443548379,
          "R_signal_amp": 0.009574037053205307
        },
        "c": {
          "rms_deriv": 0.003724417570247268,
          "var_field": 0.002121893418439442,
          "R_signal_amp": 0.006537221010736852
        },
        "n": {
          "rms_deriv": 0.0007940039106350724,
          "var_field": 0.00014879067772434948,
          "R_signal_amp": 0.004237108263407128
        }
      },
      "R_signal_amp_mean": 0.006782788775783096,
      "rms_deriv_mean": 0.0022187093826903075,
      "A_noise": 47.02451,
      "R_signal_dB": -21.68591707177964,
      "rms_power_dB": -53.0779916007822,
      "A_noise_dB": 16.723242788549555
    },
    "0.5": {
      "per_field": {
        "p": {
          "rms_deriv": 0.00423437766510758,
          "var_field": 0.0006478291768183303,
          "R_signal_amp": 0.02767697851896842
        },
        "c": {
          "rms_deriv": 0.00726901405716953,
          "var_field": 0.002775230364042375,
          "R_signal_amp": 0.0190393439218372
        },
        "n": {
          "rms_deriv": 0.0015476377962797413,
          "var_field": 0.00019607786561879535,
          "R_signal_amp": 0.012215467263042361
        }
      },
      "R_signal_amp_mean": 0.01964392990128266,
      "rms_deriv_mean": 0.004350343172852284,
      "A_noise": 127.0689,
      "R_signal_dB": -17.06771624303234,
      "rms_power_dB": -47.22952965540121,
      "A_noise_dB": 21.040392703721714
    },
    "0.6": {
      "per_field": {
        "p": {
          "rms_deriv": 0.008029147035768583,
          "var_field": 0.0010043150718673623,
          "R_signal_amp": 0.06419021672364732
        },
        "c": {
          "rms_deriv": 0.01361267338262885,
          "var_field": 0.004020296764633825,
          "R_signal_amp": 0.04609233782248158
        },
        "n": {
          "rms_deriv": 0.0029003897750733503,
          "var_field": 0.0002866371997081968,
          "R_signal_amp": 0.029348112721984135
        }
      },
      "R_signal_amp_mean": 0.04654355575603767,
      "rms_deriv_mean": 0.008180736731156928,
      "A_noise": 345.8246,
      "R_signal_dB": -13.321404412848425,
      "rms_power_dB": -41.74415166772646,
      "A_noise_dB": 25.388558832822035
    },
    "0.7": {
      "per_field": {
        "p": {
          "rms_deriv": 0.01476179248810887,
          "var_field": 0.0017804289443083684,
          "R_signal_amp": 0.12239214497079395
        },
        "c": {
          "rms_deriv": 0.02480473570701896,
          "var_field": 0.006424241824140449,
          "R_signal_amp": 0.0957739341602982
        },
        "n": {
          "rms_deriv": 0.005300410933588766,
          "var_field": 0.00046367512609462273,
          "R_signal_amp": 0.06059060424814353
        }
      },
      "R_signal_amp_mean": 0.09291889445974523,
      "rms_deriv_mean": 0.014955646376238864,
      "A_noise": 946.6314,
      "R_signal_dB": -10.318959660359049,
      "rms_power_dB": -36.50389624433839,
      "A_noise_dB": 29.761809060273485
    },
    "0.8": {
      "per_field": {
        "p": {
          "rms_deriv": 0.026546909067223585,
          "var_field": 0.0035662224680678653,
          "R_signal_amp": 0.19761481156425337
        },
        "c": {
          "rms_deriv": 0.04437833397736334,
          "var_field": 0.011188574651517486,
          "R_signal_amp": 0.17602211076451016
        },
        "n": {
          "rms_deriv": 0.009529822227618903,
          "var_field": 0.0008232695620566594,
          "R_signal_amp": 0.11031321437797677
        }
      },
      "R_signal_amp_mean": 0.1613167122355801,
      "rms_deriv_mean": 0.02681835509073528,
      "A_noise": 2603.595,
      "R_signal_dB": -7.92320637845275,
      "rms_power_dB": -31.431357264158656,
      "A_noise_dB": 34.155734288421556
    },
    "0.9": {
      "per_field": {
        "p": {
          "rms_deriv": 0.047021759331646956,
          "var_field": 0.007937809971322962,
          "R_signal_amp": 0.2785460799176604
        },
        "c": {
          "rms_deriv": 0.0784444128916004,
          "var_field": 0.02100190252629222,
          "R_signal_amp": 0.29299849888381785
        },
        "n": {
          "rms_deriv": 0.01695658179002616,
          "var_field": 0.001597737501034052,
          "R_signal_amp": 0.17995801301262618
        }
      },
      "R_signal_amp_mean": 0.2505008639380348,
      "rms_deriv_mean": 0.04747425133775784,
      "A_noise": 7189.48,
      "R_signal_dB": -6.011907719808704,
      "rms_power_dB": -26.470837505992368,
      "A_noise_dB": 38.56697479910363
    },
    "1.0": {
      "per_field": {
        "p": {
          "rms_deriv": 0.0825089253675942,
          "var_field": 0.019357163678370887,
          "R_signal_amp": 0.35169009667061785
        },
        "c": {
          "rms_deriv": 0.13760168529995856,
          "var_field": 0.04238506677334189,
          "R_signal_amp": 0.44671921595974745
        },
        "n": {
          "rms_deriv": 0.029976717328923447,
          "var_field": 0.003410373233684769,
          "R_signal_amp": 0.2634912721406961
        }
      },
      "R_signal_amp_mean": 0.3539668615903538,
      "rms_deriv_mean": 0.08336244266549207,
      "A_noise": 19920.08,
      "R_signal_dB": -4.510373947598323,
      "rms_power_dB": -21.58059136539149,
      "A_noise_dB": 42.992910782387234
    }
  },
  "summary": {
    "A_noise_dB_per_step": 8.76329104769096,
    "A_noise_dB_steps": [
      8.72141635655177,
      8.805165738830148
    ],
    "R_signal_dB_per_step": 5.527904261611818,
    "R_signal_dB_steps": [
      6.748756582673291,
      4.307051940550345
    ],
    "rms_power_dB_per_step": 10.37934607470442,
    "rms_power_dB_steps": [
      10.725633411062816,
      10.033058738346025
    ],
    "net_predicted_threshold_dB_per_step": 3.2353867860791414,
    "observed_threshold_dB_per_step": 5.0,
    "shortfall_to_explain_dB_per_step": 3.7632910476909593,
    "residual_after_signal_offset_dB_per_step": -1.7646132139208586
  }
}