{
  "0.5": {
    "clean": {
      "selected_alpha": 0.5,
      "error": 0.0,
      "margin": 0.6187060352663629,
      "r2_avg": 0.9997025764798003,
      "sweep_r2s": {
        "0.2": -48.04132211781356,
        "0.3": -11.830165702586285,
        "0.4": -0.807607450957943,
        "0.5": 0.9997025764798003,
        "0.6": 0.38099654121343746,
        "0.7": -0.4920832480755786,
        "0.8": -1.5135810677186854,
        "0.9": -3.44768897070553,
        "1.0": -6.3564776335604485
      }
    },
    "noise_sweep": {
      "100": {
        "selected_alpha": 0.5,
        "error": 0.0,
        "r2_avg": 0.9994978846694824,
        "sweep_r2s": {
          "0.2": -48.2072656373291,
          "0.3": -11.88197143679715,
          "0.4": -0.813481848134464,
          "0.5": 0.9994978846694824,
          "0.6": 0.350701590143971,
          "0.7": -0.4820082230145923,
          "0.8": -1.5691372537650417,
          "0.9": -3.3413494900513654,
          "1.0": -6.206353516144946
        }
      },
      "80": {
        "selected_alpha": 0.5,
        "error": 0.0,
        "r2_avg": 0.9989734417805476,
        "sweep_r2s": {
          "0.2": -48.25503785993586,
          "0.3": -11.900743307682282,
          "0.4": -0.8111330859170701,
          "0.5": 0.9989734417805476,
          "0.6": 0.3606404203988592,
          "0.7": -0.5089017286412736,
          "0.8": -1.5152651988443797,
          "0.9": -3.3682119004875375,
          "1.0": -6.19712309161778
        }
      },
      "60": {
        "selected_alpha": 0.5,
        "error": 0.0,
        "r2_avg": 0.9914947912079616,
        "sweep_r2s": {
          "0.2": -48.24604239671504,
          "0.3": -11.898208002233076,
          "0.4": -0.8234267239944403,
          "0.5": 0.9914947912079616,
          "0.6": 0.2905681439382486,
          "0.7": -0.5667259105468635,
          "0.8": -1.7848789285738702,
          "0.9": -3.957251889738307,
          "1.0": -7.759934481184469
        }
      },
      "40": {
        "selected_alpha": 0.5,
        "error": 0.0,
        "r2_avg": 0.6826816327914891,
        "sweep_r2s": {
          "0.2": -48.08849908831871,
          "0.3": -11.603354467352629,
          "0.4": -0.6822235849244943,
          "0.5": 0.6826816327914891,
          "0.6": -0.7460972370213194,
          "0.7": -3.395023571207888,
          "0.8": -8.494341236584917,
          "0.9": -19.95615293521166,
          "1.0": -46.04334628084916
        }
      },
      "30": {
        "selected_alpha": 0.4,
        "error": 0.09999999999999998,
        "r2_avg": -2.4392482074636193,
        "sweep_r2s": {
          "0.2": -46.72658373659326,
          "0.3": -11.204325682626369,
          "0.4": -2.4392482074636193,
          "0.5": -5.843719748976074,
          "0.6": -17.971608749547155,
          "0.7": -46.14107783930675,
          "0.8": -114.13342622977062,
          "0.9": -282.1080360127607,
          "1.0": -695.1974970017777
        }
      },
      "20": {
        "selected_alpha": 0.3,
        "error": 0.2,
        "r2_avg": -23.33335585870515,
        "sweep_r2s": {
          "0.2": -37.12023887744059,
          "0.3": -23.33335585870515,
          "0.4": -71.0462695469814,
          "0.5": -203.5543940655048,
          "0.6": -516.7541435466534,
          "0.7": -1272.068236161902,
          "0.8": -3138.1368523112064,
          "0.9": -7810.17043461157,
          "1.0": -19532.714378552908
        }
      },
      "10": {
        "selected_alpha": 0.2,
        "error": 0.3,
        "r2_avg": -43.611835830837435,
        "sweep_r2s": {
          "0.2": -43.611835830837435,
          "0.3": -166.37549268343813,
          "0.4": -539.7948288848773,
          "0.5": -1412.2922392161556,
          "0.6": -3454.6535649528073,
          "0.7": -8390.187001463113,
          "0.8": -20623.70902721765,
          "0.9": -51396.164071539795,
          "1.0": -129346.65800244
        }
      }
    }
  },
  "0.7": {
    "clean": {
      "selected_alpha": 0.7,
      "error": 0.0,
      "margin": 0.5174178854040676,
      "r2_avg": 0.9999385757724202,
      "sweep_r2s": {
        "0.2": -77.85860572125719,
        "0.3": -31.070245380188368,
        "0.4": -10.490544615314588,
        "0.5": -2.338139308803978,
        "0.6": 0.4072909292170695,
        "0.7": 0.9999385757724202,
        "0.8": 0.4825206903683526,
        "0.9": -1.31865451987439,
        "1.0": -5.318651199635645
      }
    },
    "noise_sweep": {
      "100": {
        "selected_alpha": 0.7,
        "error": 0.0,
        "r2_avg": 0.9999511853142642,
        "sweep_r2s": {
          "0.2": -77.81557968345042,
          "0.3": -31.03093053499426,
          "0.4": -10.537504559546846,
          "0.5": -2.37736742421941,
          "0.6": 0.4028946865410095,
          "0.7": 0.9999511853142642,
          "0.8": 0.47435685171814335,
          "0.9": -1.3816657449030927,
          "1.0": -5.5322337098637675
        }
      },
      "80": {
        "selected_alpha": 0.7,
        "error": 0.0,
        "r2_avg": 0.9995479398343323,
        "sweep_r2s": {
          "0.2": -77.9748215769634,
          "0.3": -31.049249985963655,
          "0.4": -10.643030047063407,
          "0.5": -2.383340537422516,
          "0.6": 0.40529185288687747,
          "0.7": 0.9995479398343323,
          "0.8": 0.4718976265913131,
          "0.9": -1.4166156601755857,
          "1.0": -5.684851644515461
        }
      },
      "60": {
        "selected_alpha": 0.7,
        "error": 0.0,
        "r2_avg": 0.9757559830885408,
        "sweep_r2s": {
          "0.2": -78.00685834068929,
          "0.3": -31.0681043903791,
          "0.4": -10.61489599180287,
          "0.5": -2.328881602508131,
          "0.6": 0.39688465488129715,
          "0.7": 0.9757559830885408,
          "0.8": 0.36821813810340137,
          "0.9": -1.747355260513188,
          "1.0": -6.600234862280956
        }
      },
      "40": {
        "selected_alpha": 0.7,
        "error": 0.0,
        "r2_avg": 0.5002715752053565,
        "sweep_r2s": {
          "0.2": -77.89307289985688,
          "0.3": -30.83681521801904,
          "0.4": -10.104570254852602,
          "0.5": -2.139972685184412,
          "0.6": 0.4036162482321389,
          "0.7": 0.5002715752053565,
          "0.8": -1.3401171586732676,
          "0.9": -6.609964551521249,
          "1.0": -19.16628482593731
        }
      },
      "30": {
        "selected_alpha": 0.6,
        "error": 0.09999999999999998,
        "r2_avg": -1.3687206307674884,
        "sweep_r2s": {
          "0.2": -77.4130208252284,
          "0.3": -30.16722780058485,
          "0.4": -9.657231980116697,
          "0.5": -2.2675898557180836,
          "0.6": -1.3687206307674884,
          "0.7": -5.344836103629096,
          "0.8": -17.345096294252148,
          "0.9": -48.07297287191784,
          "1.0": -123.83776066036582
        }
      },
      "20": {
        "selected_alpha": 0.4,
        "error": 0.29999999999999993,
        "r2_avg": -10.946155872441997,
        "sweep_r2s": {
          "0.2": -71.51384098969841,
          "0.3": -25.2214472086103,
          "0.4": -10.946155872441997,
          "0.5": -20.38080950952158,
          "0.6": -60.66854154369512,
          "0.7": -166.05982962626413,
          "0.8": -431.3195386738061,
          "0.9": -1096.5585068752382,
          "1.0": -2759.9335330878525
        }
      },
      "10": {
        "selected_alpha": 0.3,
        "error": 0.39999999999999997,
        "r2_avg": -45.85282665237761,
        "sweep_r2s": {
          "0.2": -48.99051652412967,
          "0.3": -45.85282665237761,
          "0.4": -155.27645656128433,
          "0.5": -462.8609796243757,
          "0.6": -1210.5503547781896,
          "0.7": -3022.4288272145586,
          "0.8": -7479.002201429511,
          "0.9": -18570.759889861005,
          "1.0": -46364.24628676841
        }
      }
    }
  },
  "0.9": {
    "clean": {
      "selected_alpha": 0.9,
      "error": 0.0,
      "margin": 1.2937232979438364,