{
  "analytic": {
    "0.3": {
      "w2_sum_full": 1.109330194110145,
      "A_full": 17.560592242791845,
      "A_avg": 17.560356361488243
    },
    "0.4": {
      "w2_sum_full": 1.1831039897920592,
      "A_full": 47.02484275143083,
      "A_avg": 47.024513056771795
    },
    "0.5": {
      "w2_sum_full": 1.2732393851017885,
      "A_full": 127.06929063315849,
      "A_avg": 127.0689043961482
    },
    "0.6": {
      "w2_sum_full": 1.3800655116772047,
      "A_full": 345.82497354169936,
      "A_avg": 345.8245870963048
    },
    "0.7": {
      "w2_sum_full": 1.50452120623449,
      "A_full": 946.6317602548226,
      "A_avg": 946.6314385145081
    },
    "0.8": {
      "w2_sum_full": 1.6480283082790554,
      "A_full": 2603.595626745043,
      "A_avg": 2603.595424205014
    },
    "0.9": {
      "w2_sum_full": 1.8124351789781263,
      "A_full": 7189.479628496598,
      "A_avg": 7189.4795595264095
    },
    "1.0": {
      "w2_sum_full": 2.0,
      "A_full": 19920.08,
      "A_avg": 19920.08000000001
    }
  },
  "empirical": {
    "0.3": {
      "amp_empirical_avg": 17.528565546960056
    },
    "0.4": {
      "amp_empirical_avg": 46.95805280022661
    },
    "0.5": {
      "amp_empirical_avg": 126.81945929049658
    },
    "0.6": {
      "amp_empirical_avg": 345.12558123160596
    },
    "0.7": {
      "amp_empirical_avg": 944.5584288061452
    },
    "0.8": {
      "amp_empirical_avg": 2599.2614364528126
    },
    "0.9": {
      "amp_empirical_avg": 7179.031411969433
    },
    "1.0": {
      "amp_empirical_avg": 19879.29123236322
    }
  }
}