{
  "dataset": "Dryad/Zenodo 4408313 hypovascular liver lesions (GE 1.5T)",
  "n_patients": 59,
  "bvals_fit": [
    0.0,
    25.0,
    200.0,
    800.0
  ],
  "bvals_heldout": [
    10.0,
    50.0,
    500.0
  ],
  "npe_cov_0.95_mean": 0.5817853107344632,
  "npe_cov_0.95_median": 0.5866666666666667,
  "npe_cov_0.95_iqr": [
    0.542,
    0.614
  ],
  "nlls_cov_0.95_mean": 0.7804293785310735,
  "nlls_cov_0.95_median": 0.784,
  "nlls_cov_0.95_iqr": [
    0.7693333333333334,
    0.8026666666666666
  ],
  "frac_patients_npe_undercovers_nlls": 1.0,
  "per_level_mean": {
    "0.5": {
      "npe": 0.2607231638418079,
      "nlls": 0.41346892655367234
    },
    "0.68": {
      "npe": 0.36036158192090395,
      "nlls": 0.5509378531073448
    },
    "0.8": {
      "npe": 0.4380564971751413,
      "nlls": 0.6418757062146893
    },
    "0.9": {
      "npe": 0.5220112994350283,
      "nlls": 0.7269830508474576
    },
    "0.95": {
      "npe": 0.5817853107344632,
      "nlls": 0.7804293785310735
    }
  }
}