{
  "mode": "set",
  "density_estimator": "nsf",
  "prior": "boxuniform",
  "b_scheme": "clinical_sparse",
  "hidden_features": 50,
  "num_transforms": 5,
  "log_dstar": true,
  "seed": 0,
  "budget": 250000,
  "epochs_trained": 182,
  "wall_clock_sec": 4020.0666070830775,
  "per_epoch_sec": 22.08827806089603,
  "training_loss": [
    -7.287204635959202,
    -7.763977221137153,
    -7.84937914984809,
    -7.937338099500868,
    -8.062710484483507,
    -8.220917006293403,
    -8.304076337348091,
    -8.357728491753472,
    -8.400191314019096,
    -8.427863229166666,
    -8.454663334960937,
    -8.470881681315104,
    -8.498785689019098,
    -8.515107681749132,
    -8.533329545355903,
    -8.550116015082466,
    -8.568190182291668,
    -8.589678689778646,
    -8.611299440646702,
    -8.63260450249566,
    -8.650356814236112,
    -8.667705373806424,
    -8.685078476019966,
    -8.69630345811632,
    -8.707607135416668,
    -8.716215550130208,
    -8.723446342773437,
    -8.730462545030383,
    -8.739312536349827,
    -8.744033409288194,
    -8.752021099717881,
    -8.754330841471354,
    -8.760085396592881,
    -8.76507568142361,
    -8.767046547309027,
    -8.77473511610243,
    -8.778583496636285,
    -8.782031553819444,
    -8.784608696289062,
    -8.787253720703125,
    -8.791072121310764,
    -8.792192807074652,
    -8.798650445421007,
    -8.802404701063368,
    -8.802508411458334,
    -8.806448060438369,
    -8.809526980251736,
    -8.810713637152778,
    -8.813568364257813,
    -8.819244892578125,
    -8.817322689887153,
    -8.82020451171875,
    -8.824519461805556,
    -8.824495630967881,
    -8.82717183376736,
    -8.827376507161459,
    -8.831419628363715,
    -8.834521860894098,
    -8.835033598090277,
    -8.839673202582466,
    -8.842551080186633,
    -8.84435990125868,
    -8.847804316948785,
    -8.846145181749131,
    -8.849042706163194,
    -8.85331965766059,
    -8.857882074652778,
    -8.85846163953993,
    -8.859793445095486,
    -8.864830551215277,
    -8.867256104600694,
    -8.869557985026042,
    -8.872237360568576,
    -8.875252809787327,
    -8.880626317274306,
    -8.882037212456597,
    -8.885946643337673,
    -8.890755785047743,
    -8.892020696614583,
    -8.893062561848959,
    -8.89622434624566,
    -8.900987439778646,
    -8.903024294704862,
    -8.904162693684896,
    -8.907965919596354,
    -8.91238691189236,
    -8.911418354492188,
    -8.915598228081597,
    -8.917738986002604,
    -8.91902456108941,
    -8.922150073242188,
    -8.924157101236979,
    -8.927019488389757,
    -8.927958859049479,
    -8.928545042317708,
    -8.931589498697917,
    -8.934708160807292,
    -8.936211848958333,
    -8.935972411024306,
    -8.940535173068577,
    -8.940885969509548,
    -8.940117532552083,
    -8.941988153754341,
    -8.943496244574654,
    -8.947276537543402,
    -8.948972552625868,
    -8.949099245334201,
    -8.948902894965277,
    -8.950082940538195,
    -8.951860214301215,
    -8.952960429144966,
    -8.953088973524306,
    -8.955472622612847,
    -8.958248402235244,
    -8.95842099609375,
    -8.959293586154514,
    -8.96237427625868,
    -8.961291321614583,
    -8.963140568033854,
    -8.965383000759548,
    -8.964743741861978,
    -8.965690104166667,
    -8.966065133463541,
    -8.96821193359375,
    -8.970325469292534,
    -8.970051966688368,
    -8.970411232638888,
    -8.971853102756077,
    -8.973176280924479,
    -8.972332082248263,
    -8.974980655381945,
    -8.974133689778645,
    -8.974320746527777,
    -8.97936204155816,
    -8.978269998372395,
    -8.979775035264757,
    -8.979771386176216,
    -8.981581566840278,
    -8.982070850694445,
    -8.983320595703125,
    -8.983713077256944,
    -8.985033159722223,
    -8.984935071614583,
    -8.98784626139323,
    -8.988583091362846,
    -8.9894540234375,
    -8.98753107421875,
    -8.989038516167534,
    -8.989665597873264,
    -8.989637035590277,
    -8.992508748914931,
    -8.993152700737847,
    -8.994093422309028,
    -8.993225875651042,
    -8.995562517903647,
    -8.996774669053819,
    -8.996572784288194,
    -8.996451381835938,
    -8.998301105685764,
    -8.998942422417535,
    -8.999109319118924,
    -8.998647622070312,
    -9.000776459418402,
    -9.000197572699653,
    -9.001622481011285,
    -9.002682825520834,
    -9.002570961914062,
    -9.003774520399306,
    -9.00409003797743,
    -9.004348200954862,
    -9.006787677951388,
    -9.007534997287326,
    -9.007313063693577,
    -9.008678287217881,
    -9.007807854275173,
    -9.009468069661459,
    -9.01032582139757,
    -9.011786765950522,
    -9.011858728841146,
    -9.011138888888889,
    -9.010238949652777,
    -9.012440173611111
  ],