{
  "mode": "set",
  "density_estimator": "nsf",
  "prior": "boxuniform",
  "b_scheme": "clinical_sparse",
  "hidden_features": 50,
  "num_transforms": 5,
  "log_dstar": true,
  "seed": 0,
  "budget": 100000,
  "epochs_trained": 201,
  "wall_clock_sec": 1053.794947749935,
  "per_epoch_sec": 5.242760934079279,
  "training_loss": [
    -6.8514943684895835,
    -7.623205708821614,
    -7.738845384385851,
    -7.81365225016276,
    -7.881074720594618,
    -7.965828110080295,
    -8.069528430175781,
    -8.129366749403212,
    -8.159555752224392,
    -8.187119618055556,
    -8.20962600640191,
    -8.231714699978298,
    -8.251395427788628,
    -8.266058902994791,
    -8.290489982096354,
    -8.309714766438802,
    -8.31563867594401,
    -8.336521667480469,
    -8.350189455837674,
    -8.360869963921441,
    -8.376033010525173,
    -8.384965319824218,
    -8.398888327365452,
    -8.404896039496528,
    -8.420619957139756,
    -8.424600507269965,
    -8.434818391927083,
    -8.442994255913629,
    -8.454499266221788,
    -8.458994440375434,
    -8.45700321858724,
    -8.475388427734375,
    -8.480208249240452,
    -8.480633890787761,
    -8.490410692003039,
    -8.499920941840278,
    -8.510350051540799,
    -8.514935229492188,
    -8.529773605685763,
    -8.533902205403646,
    -8.545582371690537,
    -8.55649634874132,
    -8.564969763183594,
    -8.57342780626085,
    -8.579624323187934,
    -8.589602308485244,
    -8.602374267578124,
    -8.607948682996962,
    -8.61248772515191,
    -8.62003658718533,
    -8.628568568250868,
    -8.63454430609809,
    -8.647457122124566,
    -8.650520722113715,
    -8.660892784288194,
    -8.666497816297744,
    -8.673506486002605,
    -8.681723548719619,
    -8.68614899359809,
    -8.68750104031033,
    -8.69461884765625,
    -8.69878111436632,
    -8.700939164225261,
    -8.706537331814236,
    -8.711703361002604,
    -8.71444505343967,
    -8.713697532823351,
    -8.721583136664497,
    -8.723363454861111,
    -8.726829779730902,
    -8.73460989718967,
    -8.736019873046875,
    -8.739271397569444,
    -8.739933961317274,
    -8.74337232937283,
    -8.750261494954428,
    -8.749809323459202,
    -8.753769818793403,
    -8.760345362684461,
    -8.75882300889757,
    -8.762992913140192,
    -8.764558866373697,
    -8.766391021050348,
    -8.773126879882813,
    -8.770470368109809,
    -8.775898749457465,
    -8.781322505696615,
    -8.78224278157552,
    -8.775608087836371,
    -8.785445781792534,
    -8.781753955078125,
    -8.790616506618923,
    -8.791609373643663,
    -8.786440215386286,
    -8.7921314195421,
    -8.79476230875651,
    -8.794970225694444,
    -8.797316583930122,
    -8.801305353461371,
    -8.799357229275174,
    -8.803091570366753,
    -8.800781552463107,
    -8.805725716145833,
    -8.806334133572049,
    -8.808913410101997,
    -8.809119428168403,
    -8.813175724283854,
    -8.817317578125,
    -8.817744917805989,
    -8.816690566677517,
    -8.819791559516059,
    -8.825213810221355,
    -8.823908969455296,
    -8.82520745578342,
    -8.826002155219184,
    -8.825453788248698,
    -8.82978728298611,
    -8.828581788465712,
    -8.830056434461806,
    -8.837471868218316,
    -8.835901600477431,
    -8.83673473578559,
    -8.836427918836806,
    -8.83941898328993,
    -8.842910769314235,
    -8.843745373535157,
    -8.840763439941407,
    -8.8433591539171,
    -8.849187273491754,
    -8.847947725423177,
    -8.852237220594619,
    -8.853495274522569,
    -8.853905319552952,
    -8.852621283637152,
    -8.855363347710503,
    -8.858965233018663,
    -8.856072451443142,
    -8.857294995117188,
    -8.864161295572917,
    -8.862619649251302,
    -8.862537972005208,
    -8.86282975531684,
    -8.86315960422092,
    -8.867088886176216,
    -8.868813279893663,
    -8.868277288140192,
    -8.866361968315973,
    -8.868845407443576,
    -8.870368139648438,
    -8.87337431640625,
    -8.875084299045138,
    -8.874260853407119,
    -8.877740965440537,
    -8.874189586046008,
    -8.878110717773437,
    -8.875495383029515,
    -8.881522958713107,
    -8.881941684299045,
    -8.882948060438368,
    -8.884926607259114,
    -8.883706340874566,
    -8.891342396375869,
    -8.886209201388889,
    -8.888513407389324,
    -8.89309502360026,
    -8.889135134548612,
    -8.88879963921441,
    -8.893140927463108,
    -8.891864634874132,
    -8.892930421278212,
    -8.896227007378473,
    -8.897976814778646,
    -8.900098532443577,
    -8.901380737304688,
    -8.899326852756076,
    -8.900962753634982,
    -8.903517179361979,
    -8.9046831773546,
    -8.90755859781901,
    -8.908508859592015,
    -8.908449989149306,
    -8.905061216905382,
    -8.910105533854166,
    -8.91285721435547,
    -8.914261853027345,
    -8.914673315429688,
    -8.915851072862413,
    -8.918860778808593,
    -8.922452815755209,
    -8.917003156195747,
    -8.918858808051215,
    -8.923839634874131,
    -8.922049472384982,
    -8.924764318847656,
    -8.92665275607639,
    -8.926572387695312,
    -8.925849820963542,
    -8.930621076117621,
    -8.931481456163194,
    -8.928588418240018,
    -8.929961865234375
  ],