{
  "n_seeds": 16,
  "seeds": [
    20260613,
    20260614,
    20270101,
    19990412,
    20260720,
    271828,
    314159,
    40520000,
    42424242,
    13371337,
    90210,
    20261612,
    77777,
    20240229,
    20251231,
    555555
  ],
  "alpha": 0.1,
  "items": {
    "osipi/controlled/naive/cqr_hiDstar": {
      "point": 0.0,
      "point_kind": "across-seed mean (E)",
      "mean": 0.0,
      "sd": 0.0,
      "lo5": 0.0,
      "hi95": 0.0,
      "vmin": 0.0,
      "vmax": 0.0,
      "n_seeds": 16,
      "nn_derived": false,
      "seed0": 0.0
    },
    "osipi/controlled/naive/cqr_loDstar": {
      "point": 0.8855,
      "point_kind": "across-seed mean (E)",
      "mean": 0.8855,
      "sd": 0.020337158110217878,
      "lo5": 0.853,
      "hi95": 0.908,
      "vmin": 0.832,
      "vmax": 0.908,
      "n_seeds": 16,
      "nn_derived": false,
      "seed0": 0.908
    },
    "osipi/controlled/naive/cqr_marg/D": {
      "point": 0.5968333333333333,
      "point_kind": "across-seed mean (E)",
      "mean": 0.5968333333333333,
      "sd": 0.018850680309955615,
      "lo5": 0.5671666666666667,
      "hi95": 0.6211666666666666,
      "vmin": 0.5666666666666667,
      "vmax": 0.6326666666666667,
      "n_seeds": 16,
      "nn_derived": false,
      "seed0": 0.5986666666666667
    },
    "osipi/controlled/naive/cqr_marg/D*": {
      "point": 0.3038333333333333,
      "point_kind": "across-seed mean (E)",
      "mean": 0.3038333333333333,
      "sd": 0.010415088769380416,
      "lo5": 0.2853333333333333,
      "hi95": 0.31516666666666665,
      "vmin": 0.2773333333333333,
      "vmax": 0.31666666666666665,
      "n_seeds": 16,
      "nn_derived": false,
      "seed0": 0.31666666666666665
    },
    "osipi/controlled/naive/cqr_marg/f": {
      "point": 0.49479166666666663,
      "point_kind": "across-seed mean (E)",
      "mean": 0.49479166666666663,
      "sd": 0.01218187785803766,
      "lo5": 0.4723333333333333,
      "hi95": 0.512,
      "vmin": 0.4713333333333333,
      "vmax": 0.516,
      "n_seeds": 16,
      "nn_derived": false,
      "seed0": 0.4726666666666667
    },
    "osipi/controlled/naive/monitor_auc": {
      "point": 0.7369999583333333,
      "point_kind": "across-seed mean (E)",
      "mean": 0.7369999583333333,
      "sd": 0.00710612257754093,
      "lo5": 0.7262247500000001,
      "hi95": 0.7502370833333334,
      "vmin": 0.726109,
      "vmax": 0.7507073333333332,
      "n_seeds": 16,
      "nn_derived": false,
      "seed0": 0.7507073333333332
    },
    "osipi/controlled/naive/monitor_fires": {
      "point": 1.0,
      "point_kind": "across-seed mean (E)",
      "mean": 1.0,
      "sd": 0.0,
      "lo5": 1.0,
      "hi95": 1.0,
      "vmin": 1.0,
      "vmax": 1.0,
      "n_seeds": 16,
      "nn_derived": false,
      "seed0": 1.0
    },
    "osipi/controlled/naive/split_hiDstar": {
      "point": 0.5945,
      "point_kind": "across-seed mean (E)",
      "mean": 0.5945,
      "sd": 0.033692729185983136,
      "lo5": 0.5515000000000001,
      "hi95": 0.6465000000000001,
      "vmin": 0.55,
      "vmax": 0.654,
      "n_seeds": 16,
      "nn_derived": false,
      "seed0": 0.584
    },
    "osipi/controlled/naive/split_marg/D": {
      "point": 0.8936666666666667,
      "point_kind": "across-seed mean (E)",
      "mean": 0.8936666666666667,
      "sd": 0.012088562087085997,
      "lo5": 0.8796666666666667,
      "hi95": 0.9111666666666667,
      "vmin": 0.8766666666666667,
      "vmax": 0.9266666666666666,
      "n_seeds": 16,
      "nn_derived": false,
      "seed0": 0.9006666666666666
    },
    "osipi/controlled/naive/split_marg/D*": {
      "point": 0.7292083333333333,
      "point_kind": "across-seed mean (E)",
      "mean": 0.7292083333333333,
      "sd": 0.0204239782826189,
      "lo5": 0.6993333333333334,
      "hi95": 0.7593333333333333,
      "vmin": 0.6993333333333334,
      "vmax": 0.7593333333333333,
      "n_seeds": 16,
      "nn_derived": false,
      "seed0": 0.7193333333333334
    },
    "osipi/controlled/naive/split_marg/f": {
      "point": 0.9360416666666667,
      "point_kind": "across-seed mean (E)",
      "mean": 0.9360416666666667,
      "sd": 0.006964327092537491,
      "lo5": 0.9273333333333333,
      "hi95": 0.9471666666666666,
      "vmin": 0.9273333333333333,
      "vmax": 0.9566666666666667,
      "n_seeds": 16,
      "nn_derived": false,
      "seed0": 0.938
    },
    "osipi/controlled/recal/cqr_hiDstar": {
      "point": 0.822875,
      "point_kind": "across-seed mean (E)",
      "mean": 0.822875,
      "sd": 0.022838198994958696,
      "lo5": 0.7865,
      "hi95": 0.8525,
      "vmin": 0.782,
      "vmax": 0.872,
      "n_seeds": 16,
      "nn_derived": false,
      "seed0": 0.788
    },
    "osipi/controlled/recal/cqr_loDstar": {
      "point": 0.8985000000000001,
      "point_kind": "across-seed mean (E)",
      "mean": 0.8985000000000001,
      "sd": 0.024587259573472894,
      "lo5": 0.859,
      "hi95": 0.9305000000000001,
      "vmin": 0.856,
      "vmax": 0.932,
      "n_seeds": 16,
      "nn_derived": false,
      "seed0": 0.89
    },
    "osipi/controlled/recal/cqr_marg/D": {
      "point": 0.8987499999999999,
      "point_kind": "across-seed mean (E)",
      "mean": 0.8987499999999999,
      "sd": 0.011740086440466665,
      "lo5": 0.8806666666666667,
      "hi95": 0.9131666666666667,
      "vmin": 0.8706666666666667,
      "vmax": 0.9186666666666666,
      "n_seeds": 16,
      "nn_derived": false,
      "seed0": 0.8946666666666667
    },
    "osipi/controlled/recal/cqr_marg/D*": {
      "point": 0.905375,
      "point_kind": "across-seed mean (E)",
      "mean": 0.905375,
      "sd": 0.011854597482895891,
      "lo5": 0.8886666666666667,
      "hi95": 0.9215,
      "vmin": 0.8866666666666667,
      "vmax": 0.922,
      "n_seeds": 16,
      "nn_derived": false,
      "seed0": 0.8906666666666667
    },
    "osipi/controlled/recal/cqr_marg/f": {
      "point": 0.9044583333333334,
      "point_kind": "across-seed mean (E)",
      "mean": 0.9044583333333334,
      "sd": 0.009712058179092329,
      "lo5": 0.892,
      "hi95": 0.9186666666666666,
      "vmin": 0.888,
      "vmax": 0.9226666666666666,
      "n_seeds": 16,
      "nn_derived": false,
      "seed0": 0.8933333333333333
    },
    "osipi/controlled/recal/split_hiDstar": {
      "point": 0.844125,
      "point_kind": "across-seed mean (E)",
      "mean": 0.844125,
      "sd": 0.022668259747938315,
      "lo5": 0.815,
      "hi95": 0.8785000000000001,
      "vmin": 0.806,
      "vmax": 0.886,
      "n_seeds": 16,
      "nn_derived": false,
      "seed0": 0.856
    },
    "osipi/controlled/recal/split_marg/D": {
      "point": 0.9006666666666666,
      "point_kind": "across-seed mean (E)",
      "mean": 0.9006666666666666,
      "sd": 0.008957512882326038,
      "lo5": 0.8888333333333334,
      "hi95": 0.9141666666666666,
      "vmin": 0.8873333333333333,
      "vmax": 0.9186666666666666,
      "n_seeds": 16,
      "nn_derived": false,
      "seed0": 0.902
    },
    "osipi/controlled/recal/split_marg/D*": {
      "point": 0.8961250000000001,
      "point_kind": "across-seed mean (E)",
      "mean": 0.8961250000000001,
      "sd": 0.011156048019231866,
      "lo5": 0.8821666666666668,
      "hi95": 0.9108333333333334,
      "vmin": 0.8806666666666667,
      "vmax": 0.9213333333333333,
      "n_seeds": 16,
      "nn_derived": false,
      "seed0": 0.9
    },
    "osipi/controlled/recal/split_marg/f": {
      "point": 0.9022083333333333,
      "point_kind": "across-seed mean (E)",
      "mean": 0.9022083333333333,
      "sd": 0.009243115556195598,
      "lo5": 0.8891666666666667,
      "hi95": 0.9125000000000001,
      "vmin": 0.8826666666666667,
      "vmax": 0.914,
      "n_seeds": 16,
      "nn_derived": false,
      "seed0": 0.9093333333333333
    },
    "osipi/controlled/wall/abs_growth": {
      "point": 3.5001601202690846,
      "point_kind": "across-seed mean (E)",
      "mean": 3.5001601202690846,